date,year,season,location,sampleID,sampleID.prefix,microhabitat,mon.precip,mon.ADD,mon.max.discharge,mon.median.discharge,mon.mean.discharge,mon.max.turb,mon.median.turb,mon.max.wTemp,mon.median.wTemp,depth,per_sediment,per_rock,per_organic,dateTime.UTC,lat,long,alt,pH,wTemp,DO,light,flow,turb,cond,nitrate,alkalinity,phosphate
2018-05-29,2018,Summer,Downstream,01DRSU18.DM,01DRSU18,DM,54.6,480.6,208,74.9,83.03465277777778,3.873,3.3680000000000003,22.07,16.405,17.75,44.5,55,0.5,NA,NA,NA,NA,NA,NA,NA,NA,NA,NA,NA,NA,NA,NA
2018-05-29,2018,Summer,Downstream,01DRSU18.DSP,01DRSU18,DSP,54.6,480.6,208,74.9,83.03465277777778,3.873,3.3680000000000003,22.07,16.405,16.25,10,90,0,NA,NA,NA,NA,NA,NA,NA,NA,NA,NA,NA,NA,NA,NA
2018-05-29,2018,Summer,Downstream,01DRSU18.DFR,01DRSU18,DFR,54.6,480.6,208,74.9,83.03465277777778,3.873,3.3680000000000003,22.07,16.405,15.5,17.5,80,2.5,NA,NA,NA,NA,NA,NA,NA,NA,NA,NA,NA,NA,NA,NA
2018-05-29,2018,Summer,Downstream,01DRSU18.DSR,01DRSU18,DSR,54.6,480.6,208,74.9,83.03465277777778,3.873,3.3680000000000003,22.07,16.405,18.775,44.5,50,5.5,NA,NA,NA,NA,NA,NA,NA,NA,NA,NA,NA,NA,NA,NA
2018-05-29,2018,Summer,Downstream,01DRSU18.DSH,01DRSU18,DSH,54.6,480.6,208,74.9,83.03465277777778,3.873,3.3680000000000003,22.07,16.405,16,17.5,82.5,0,NA,NA,NA,NA,NA,NA,NA,NA,NA,NA,NA,NA,NA,NA
2018-05-31,2018,Summer,Upstream,01URSU18.USH,01URSU18,USH,45.9,508.35,154,70.1,73.87215277777779,3.873,3.4155,22.07,16.66,35.25,27.5,72.5,0,NA,NA,NA,NA,NA,NA,NA,NA,NA,NA,NA,NA,NA,NA
2018-05-31,2018,Summer,Upstream,01URSU18.UM,01URSU18,UM,45.9,508.35,154,70.1,73.87215277777779,3.873,3.4155,22.07,16.66,23.75,2.5,97.5,0,NA,NA,NA,NA,NA,NA,NA,NA,NA,NA,NA,NA,NA,NA
2018-05-31,2018,Summer,Upstream,01URSU18.USU,01URSU18,USU,45.9,508.35,154,70.1,73.87215277777779,3.873,3.4155,22.07,16.66,17.75,20,80,0,NA,NA,NA,NA,NA,NA,NA,NA,NA,NA,NA,NA,NA,NA
2018-05-31,2018,Summer,Upstream,01URSU18.UFR,01URSU18,UFR,45.9,508.35,154,70.1,73.87215277777779,3.873,3.4155,22.07,16.66,27.75,21.5,70,8.5,NA,NA,NA,NA,NA,NA,NA,NA,NA,NA,NA,NA,NA,NA
2018-05-31,2018,Summer,Upstream,01URSU18.USR,01URSU18,USR,45.9,508.35,154,70.1,73.87215277777779,3.873,3.4155,22.07,16.66,25.5,27,65,8,NA,NA,NA,NA,NA,NA,NA,NA,NA,NA,NA,NA,NA,NA
2018-06-05,2018,Summer,Downstream,02DRSU18.DM,02DRSU18,DM,76.2,502.7,160,60.5,60.62795138888889,3.873,3.402,23.76,17.17,27.25,16.5,82.5,1,NA,NA,NA,NA,NA,NA,NA,NA,NA,NA,NA,NA,NA,NA
2018-06-05,2018,Summer,Downstream,02DRSU18.DSP,02DRSU18,DSP,76.2,502.7,160,60.5,60.62795138888889,3.873,3.402,23.76,17.17,24.25,7,92.5,0.5,NA,NA,NA,NA,NA,NA,NA,NA,NA,NA,NA,NA,NA,NA
2018-06-05,2018,Summer,Downstream,02DRSU18.DFR,02DRSU18,DFR,76.2,502.7,160,60.5,60.62795138888889,3.873,3.402,23.76,17.17,26,10,89.5,0.5,NA,NA,NA,NA,NA,NA,NA,NA,NA,NA,NA,NA,NA,NA
2018-06-05,2018,Summer,Downstream,02DRSU18.DSH,02DRSU18,DSH,76.2,502.7,160,60.5,60.62795138888889,3.873,3.402,23.76,17.17,24,6,94,0,NA,NA,NA,NA,NA,NA,NA,NA,NA,NA,NA,NA,NA,NA
2018-06-05,2018,Summer,Downstream,02DRSU18.DSR,02DRSU18,DSR,76.2,502.7,160,60.5,60.62795138888889,3.873,3.402,23.76,17.17,34,19.5,77.5,3,NA,NA,NA,NA,NA,NA,NA,NA,NA,NA,NA,NA,NA,NA
2018-06-06,2018,Summer,Upstream,02URSU18.UM,02URSU18,UM,71.9,502.45,160,60.5,60.43256944444445,3.873,3.38,23.76,17.16,30.75,7.5,92.5,0,NA,NA,NA,NA,NA,NA,NA,NA,NA,NA,NA,NA,NA,NA
2018-06-06,2018,Summer,Upstream,02URSU18.USU,02URSU18,USU,71.9,502.45,160,60.5,60.43256944444445,3.873,3.38,23.76,17.16,19.5,6,93,1,NA,NA,NA,NA,NA,NA,NA,NA,NA,NA,NA,NA,NA,NA
2018-06-06,2018,Summer,Upstream,02URSU18.USH,02URSU18,USH,71.9,502.45,160,60.5,60.43256944444445,3.873,3.38,23.76,17.16,22,10,90,0,NA,NA,NA,NA,NA,NA,NA,NA,NA,NA,NA,NA,NA,NA
2018-06-06,2018,Summer,Upstream,02URSU18.USR,02URSU18,USR,71.9,502.45,160,60.5,60.43256944444445,3.873,3.38,23.76,17.16,28,30,62.5,7.5,NA,NA,NA,NA,NA,NA,NA,NA,NA,NA,NA,NA,NA,NA
2018-06-06,2018,Summer,Upstream,02URSU18.UFR,02URSU18,UFR,71.9,502.45,160,60.5,60.43256944444445,3.873,3.38,23.76,17.16,26.5,10,88.5,1.5,NA,NA,NA,NA,NA,NA,NA,NA,NA,NA,NA,NA,NA,NA
2018-06-07,2018,Summer,Downstream,03DRSU18.DFR,03DRSU18,DFR,71.9,504.1,160,57.8,59.10336805555555,3.873,3.357,23.76,17.255000000000003,13.5,20,75,5,NA,NA,NA,NA,NA,NA,NA,NA,NA,NA,NA,NA,NA,NA
2018-06-07,2018,Summer,Downstream,03DRSU18.DSR,03DRSU18,DSR,71.9,504.1,160,57.8,59.10336805555555,3.873,3.357,23.76,17.255000000000003,19.25,27.5,67,5.5,NA,NA,NA,NA,NA,NA,NA,NA,NA,NA,NA,NA,NA,NA
2018-06-07,2018,Summer,Downstream,03DRSU18.DSH,03DRSU18,DSH,71.9,504.1,160,57.8,59.10336805555555,3.873,3.357,23.76,17.255000000000003,14.75,22.5,76.5,1,NA,NA,NA,NA,NA,NA,NA,NA,NA,NA,NA,NA,NA,NA
2018-06-07,2018,Summer,Downstream,03DRSU18.DM,03DRSU18,DM,71.9,504.1,160,57.8,59.10336805555555,3.873,3.357,23.76,17.255000000000003,15,22.5,77,0.5,NA,NA,NA,NA,NA,NA,NA,NA,NA,NA,NA,NA,NA,NA
2018-06-07,2018,Summer,Downstream,03DRSU18.DSP,03DRSU18,DSP,71.9,504.1,160,57.8,59.10336805555555,3.873,3.357,23.76,17.255000000000003,14.5,27.5,72.5,0,NA,NA,NA,NA,NA,NA,NA,NA,NA,NA,NA,NA,NA,NA
2018-06-08,2018,Summer,Upstream,03URSU18.UM,03URSU18,UM,71.9,505.2,160,54.7,57.62670138888889,3.873,3.319,23.76,17.265,13,4.5,95,0.5,NA,NA,NA,NA,NA,NA,NA,NA,NA,NA,NA,NA,NA,NA
2018-06-08,2018,Summer,Upstream,03URSU18.USH,03URSU18,USH,71.9,505.2,160,54.7,57.62670138888889,3.873,3.319,23.76,17.265,23.5,26.5,72.5,1,NA,NA,NA,NA,NA,NA,NA,NA,NA,NA,NA,NA,NA,NA
2018-06-08,2018,Summer,Upstream,03URSU18.UFR,03URSU18,UFR,71.9,505.2,160,54.7,57.62670138888889,3.873,3.319,23.76,17.265,21.75,6,84,10,NA,NA,NA,NA,NA,NA,NA,NA,NA,NA,NA,NA,NA,NA
2018-06-08,2018,Summer,Upstream,03URSU18.USR,03URSU18,USR,71.9,505.2,160,54.7,57.62670138888889,3.873,3.319,23.76,17.265,22.75,29.5,60,10.5,NA,NA,NA,NA,NA,NA,NA,NA,NA,NA,NA,NA,NA,NA
2018-06-08,2018,Summer,Upstream,03URSU18.USU,03URSU18,USU,71.9,505.2,160,54.7,57.62670138888889,3.873,3.319,23.76,17.265,20.75,30,69,1,NA,NA,NA,NA,NA,NA,NA,NA,NA,NA,NA,NA,NA,NA
2018-09-17,2018,Fall,Downstream,01DRFA18.NA,01DRFA18,NA,107.3,637.8,1540,80.4,125.398125,142.4,2.531,26.08,20.61,NA,NA,NA,NA,2018-09-17T17:45:00Z,NA,NA,NA,7.47,21.3,9.12,NA,NA,NA,NA,NA,NA,NA
2018-09-24,2018,Fall,Upstream,01URFA18.NA,01URFA18,NA,150.9,620.1,2440,74.3,130.40520833333332,871,2.58,26.08,20.23,NA,NA,NA,NA,2018-09-24T17:45:00Z,NA,NA,NA,7.61,13.1,10.86,NA,NA,NA,NA,NA,NA,NA
2018-09-25,2018,Fall,Downstream,02DRFA18.NA,02DRFA18,NA,150.9,611.2,2440,74.3,130.42649305555557,871,2.573,26.08,20.15,NA,NA,NA,NA,2018-09-25T12:30:00Z,NA,NA,NA,7.614,NA,NA,NA,NA,NA,NA,NA,NA,NA
2018-10-02,2018,Fall,Upstream,02URFA18.NA,02URFA18,NA,242.1,547.8,2440,113,204.84333333333333,871,3.28,26.03,18.345,NA,NA,NA,NA,2018-10-02T17:45:00Z,NA,NA,NA,7.42,16.6,10.62,NA,NA,NA,NA,NA,NA,NA
2018-10-04,2018,Fall,Upstream,03URFA18.NA,03URFA18,NA,260.59999999999997,528.65,2440,140,221.65291666666667,871,3.6695,26.03,17.88,NA,NA,NA,NA,2018-10-04T18:00:00Z,NA,NA,NA,NA,NA,NA,NA,NA,NA,NA,NA,NA,NA
2018-10-11,2018,Fall,Downstream,03DRFA18.NA,03DRFA18,NA,208.9,511.5,2440,154,246.8225,871,3.3825000000000003,22.44,16.405,NA,NA,NA,NA,2018-10-11T12:20:00Z,NA,NA,NA,NA,NA,NA,NA,NA,NA,NA,NA,NA,NA
2019-05-28,2019,Summer,Downstream,01DRSU19.DSH,01DRSU19,DSH,69.8,384.75,554,137,163.29236111111112,1557,1,20.68,12.27,19.25,17.5,79,3.5,2019-05-28T15:05:00Z,42.315070000000006,-72.640965,71,7.475,17.1,10.275,37.5,0.587,10.25,126.65,NA,NA,NA
2019-05-28,2019,Summer,Downstream,01DRSU19.DFR,01DRSU19,DFR,69.8,384.75,554,137,163.29236111111112,1557,1,20.68,12.27,22.5,5,94,1,2019-05-28T14:19:00Z,42.3151,-72.64113499999999,62,7.48,17,10.23,56,0.1565,6.75,127.4,NA,NA,NA
2019-05-28,2019,Summer,Downstream,01DRSU19.DM,01DRSU19,DM,69.8,384.75,554,137,163.29236111111112,1557,1,20.68,12.27,22.75,20,78,2,2019-05-28T16:08:00Z,42.315075,-72.641115,63,7.47,16.9,10.295,62,0.2935,9.9,128.55,NA,NA,NA
2019-05-28,2019,Summer,Downstream,01DRSU19.DSR,01DRSU19,DSR,69.8,384.75,554,137,163.29236111111112,1557,1,20.68,12.27,22.5,9.5,89.5,1,2019-05-28T13:40:00Z,42.31493,-72.64101500000001,45.5,7.46,16.9,10.1,64,0.1865,6.95,128.05,NA,NA,NA
2019-05-28,2019,Summer,Downstream,01DRSU19.DSP,01DRSU19,DSP,69.8,384.75,554,137,163.29236111111112,1557,1,20.68,12.27,16.75,7.5,91,1.5,2019-05-28T15:36:00Z,42.33036,-72.64107,37,7.49,16.9,10.315,106,0.3195,7.65,127.325,NA,NA,NA
2019-05-30,2019,Summer,Upstream,01URSU19.UM,01URSU19,UM,75.89999999999999,396.65,324,127,148.0373958333333,1557,1.0005,20.68,13.125,29.75,27,72.5,0.5,2019-05-30T14:40:00Z,42.31936,-72.65478999999999,71.5,7.555,13.4,NA,142.5,0.325,6.6,116.8,NA,NA,NA
2019-05-30,2019,Summer,Upstream,01URSU19.USH,01URSU19,USH,75.89999999999999,396.65,324,127,148.0373958333333,1557,1.0005,20.68,13.125,42.75,20.5,79.5,0,2019-05-30T15:20:00Z,42.32038,-72.65375499999999,50.5,7.575,13.5,NA,73,0.551,6.55,107.85,NA,NA,NA
2019-05-30,2019,Summer,Upstream,01URSU19.USU,01URSU19,USU,75.89999999999999,396.65,324,127,148.0373958333333,1557,1.0005,20.68,13.125,24.15,10,89,1,2019-05-30T15:45:00Z,42.32038,-72.653535,65,7.57,13.5,NA,75,0.4565,5.1,107.7,NA,NA,NA
2019-05-30,2019,Summer,Upstream,01URSU19.UFR,01URSU19,UFR,75.89999999999999,396.65,324,127,148.0373958333333,1557,1.0005,20.68,13.125,38.150000000000006,17.5,81,1.5,2019-05-30T14:14:00Z,42.31933,-72.65465,51,7.545,13.3,11.105,39.5,0.0815,4.35,120.8,NA,NA,NA
2019-05-30,2019,Summer,Upstream,01URSU19.USR,01URSU19,USR,75.89999999999999,396.65,324,127,148.0373958333333,1557,1.0005,20.68,13.125,34,15,77.5,7.5,2019-05-30T13:41:00Z,42.319244999999995,-72.654875,55.5,7.52,13.2,11.02,64.5,0.1075,6.4,120.15,NA,NA,NA
2019-05-31,2019,Summer,Upstream,02URSU19.UM,02URSU19,UM,78.7,403.3,324,125,142.74565972222223,1557,0.9935,20.68,13.54,42.9,21,77.5,1.5,2019-05-31T14:24:00Z,42.31937,-72.65486,59,7.625,14.8,10.45,280.5,0.4725,3.7,116.95,NA,NA,NA
2019-05-31,2019,Summer,Upstream,02URSU19.USH,02URSU19,USH,78.7,403.3,324,125,142.74565972222223,1557,0.9935,20.68,13.54,24.65,17.5,84.5,1,2019-05-31T14:57:00Z,42.32045,-72.653845,63,7.640000000000001,14.9,10.364999999999998,125,0.2695,3.15,109.45,NA,NA,NA
2019-05-31,2019,Summer,Upstream,02URSU19.USR,02URSU19,USR,78.7,403.3,324,125,142.74565972222223,1557,0.9935,20.68,13.54,29.35,15,84.5,0.5,2019-05-31T13:36:00Z,42.319245,-72.654815,64,7.55,14.4,10.27,112.5,0.123,5.75,121.7,NA,NA,NA
2019-05-31,2019,Summer,Upstream,02URSU19.USU,02URSU19,USU,78.7,403.3,324,125,142.74565972222223,1557,0.9935,20.68,13.54,18.9,7.5,92.5,0,2019-05-31T15:20:00Z,42.320454999999995,-72.653605,50,7.645,15,10.365,180,0.3145,4.300000000000001,109.35,NA,NA,NA
2019-05-31,2019,Summer,Upstream,02URSU19.UFR,02URSU19,UFR,78.7,403.3,324,125,142.74565972222223,1557,0.9935,20.68,13.54,41.25,14,84.5,1.5,2019-05-31T14:00:00Z,42.3193,-72.654755,61,7.57,14.5,10.355,50,0.1565,5.9,120.95,NA,NA,NA
2019-06-03,2019,Summer,Downstream,02DRSU19.DSP,02DRSU19,DSP,65.2,427.7,321,117,129.68510416666666,1557,1.0779999999999998,20.68,14.34,22,20,80,0,2019-06-03T15:32:00Z,42.31542,-72.64118,51.5,7.56,16.3,9.84,1097.5,0.403,7.300000000000001,129.3,NA,NA,NA
2019-06-03,2019,Summer,Downstream,02DRSU19.DFR,02DRSU19,DFR,65.2,427.7,321,117,129.68510416666666,1557,1.0779999999999998,20.68,14.34,30.75,10,88.5,1.5,2019-06-03T14:11:00Z,42.315095,-72.64112,47,7.5,15.95,9.885000000000002,522.5,0.3285,7.1,130.1,NA,NA,NA
2019-06-03,2019,Summer,Downstream,02DRSU19.DM,02DRSU19,DM,65.2,427.7,321,117,129.68510416666666,1557,1.0779999999999998,20.68,14.34,28.5,7.5,92.5,0,2019-06-03T14:30:00Z,42.31513,-72.64113,54.5,7.495,15.65,9.815,1015.5,0.2115,6.8,129.14999999999998,NA,NA,NA
2019-06-03,2019,Summer,Downstream,02DRSU19.DSH,02DRSU19,DSH,65.2,427.7,321,117,129.68510416666666,1557,1.0779999999999998,20.68,14.34,21.5,17,82,1,2019-06-03T15:05:00Z,42.31533,-72.641115,43,7.51,16.25,9.864999999999998,139.5,0.398,7.25,129.5,NA,NA,NA
2019-06-03,2019,Summer,Downstream,02DRSU19.DSR,02DRSU19,DSR,65.2,427.7,321,117,129.68510416666666,1557,1.0779999999999998,20.68,14.34,24.5,3.5,91.5,5,2019-06-03T13:39:00Z,42.315055,-72.64113,48.5,7.47,15.8,9.875,56.5,0.155,7.65,130.95,NA,NA,NA
2019-06-04,2019,Summer,Downstream,03DRSU19.DSR,03DRSU19,DSR,62.4,424.65,313,116,122.9659375,1557,1.082,20.68,14.64,18.25,12.5,85.5,2,2019-06-04T13:30:00Z,42.314885,-72.64111,36.5,7.435,14.5,10.24,55,0.121,7.550000000000001,126.25,NA,NA,NA
2019-06-04,2019,Summer,Downstream,03DRSU19.DSP,03DRSU19,DSP,62.4,424.65,313,116,122.9659375,1557,1.082,20.68,14.64,17.6,11,89,0,2019-06-04T15:15:00Z,42.320425,-72.6411,42.5,7.515000000000001,15,10.22,1502,0.1515,7.65,126.55,NA,NA,NA
2019-06-04,2019,Summer,Downstream,03DRSU19.DFR,03DRSU19,DFR,62.4,424.65,313,116,122.9659375,1557,1.082,20.68,14.64,22.75,18.5,77.5,4,2019-06-04T14:05:00Z,42.315005,-72.64134999999999,72,7.435,14.6,10.26,76.5,0.4195,6.25,125.4,NA,NA,NA
2019-06-04,2019,Summer,Downstream,03DRSU19.DSH,03DRSU19,DSH,62.4,424.65,313,116,122.9659375,1557,1.082,20.68,14.64,18.75,15,80.5,4.5,2019-06-04T14:56:00Z,42.315335000000005,-72.64118500000001,50.5,7.48,14.9,10.265,48,0.4795,8.35,127.15,NA,NA,NA
2019-06-04,2019,Summer,Downstream,03DRSU19.DM,03DRSU19,DM,62.4,424.65,313,116,122.9659375,1557,1.082,20.68,14.64,24.25,15,81.5,1,2019-06-04T14:27:00Z,42.31514,-72.64115000000001,55,7.445,14.5,10.22,1176,0.151,5.6,124.5,NA,NA,NA
2019-06-05,2019,Summer,Upstream,03URSU19.UM,03URSU19,UM,59.9,429.1,313,109,117.42920138888888,1557,1.115,20.68,14.83,24.6,7,91.5,1.5,2019-06-05T14:48:00Z,42.31934,-72.65483499999999,63.5,7.755,15.35,10.37,390,0.2265,3.85,132.39999999999998,NA,NA,NA
2019-06-05,2019,Summer,Upstream,03URSU19.USR,03URSU19,USR,59.9,429.1,313,109,117.42920138888888,1557,1.115,20.68,14.83,18.2,22.5,74,3.5,2019-06-05T13:36:00Z,42.31919499999999,-72.65484000000001,53.5,7.67,15.1,10.315,162.5,0.047,4.1,137.25,NA,NA,NA
2019-06-05,2019,Summer,Upstream,03URSU19.USU,03URSU19,USU,59.9,429.1,313,109,117.42920138888888,1557,1.115,20.68,14.83,25.200000000000003,15,83,2,2019-06-05T15:37:00Z,42.32037,-72.653595,50.5,7.76,15.9,10.295,1271.5,0.4305,5.7,121.9,NA,NA,NA
2019-06-05,2019,Summer,Upstream,03URSU19.UFR,03URSU19,UFR,59.9,429.1,313,109,117.42920138888888,1557,1.115,20.68,14.83,37.7,5,91,4,2019-06-05T14:02:00Z,42.319215,-72.65460999999999,64.5,7.705,15.1,10.325,48.5,0.0065,4.95,136.5,NA,NA,NA
2019-06-05,2019,Summer,Upstream,03URSU19.USH,03URSU19,USH,59.9,429.1,313,109,117.42920138888888,1557,1.115,20.68,14.83,29.05,15,84.5,0.5,2019-06-05T15:17:00Z,42.32053500000001,-72.6337,58,7.76,15.7,10.315,97.5,0.175,5.7,120.85,NA,NA,NA
2019-09-16,2019,Fall,Upstream,01URFA19.UFR,01URFA19,UFR,68.3,562.45,60.1,10.7,13.081302083333334,104.8,5.6585,26.87,20.73,34,24,72.5,5,2019-09-16T18:05:00Z,42.3103,-72.65462,54,8.08,17.3,10.45,NA,NA,6.633333333333334,197.03333333333333,NA,NA,NA
2019-09-16,2019,Fall,Upstream,01URFA19.USH,01URFA19,USH,68.3,562.45,60.1,10.7,13.081302083333334,104.8,5.6585,26.87,20.73,45.25,27.5,57.5,15,2019-09-16T18:10:00Z,42.32043,-72.65364,71,8.11,17.3,10.35,NA,NA,4.6,198.9,NA,NA,NA
2019-09-16,2019,Fall,Upstream,01URFA19.UM,01URFA19,UM,68.3,562.45,60.1,10.7,13.081302083333334,104.8,5.6585,26.87,20.73,15.75,6,91.5,2.5,2019-09-16T18:05:00Z,42.31929,-72.65477,65,8.14,17.5,10.43,NA,NA,4.866666666666667,195.96666666666667,NA,NA,NA
2019-09-16,2019,Fall,Upstream,01URFA19.USR,01URFA19,USR,68.3,562.45,60.1,10.7,13.081302083333334,104.8,5.6585,26.87,20.73,18.75,25,37.5,7.5,2019-09-16T18:04:00Z,42.31021,-72.6547,51,8.05,17.2,10.38,NA,NA,12.333333333333334,196.03333333333333,NA,NA,NA
2019-09-16,2019,Fall,Upstream,01URFA19.USU,01URFA19,USU,68.3,562.45,60.1,10.7,13.081302083333334,104.8,5.6585,26.87,20.73,9,21.5,75.5,4,2019-09-16T18:14:00Z,42.32042,-7265350,31,8.11,17.3,10.37,NA,NA,5.766666666666667,192.03333333333333,NA,NA,NA
2019-09-17,2019,Fall,Downstream,01DRFA19.DFR,01DRFA19,DFR,51.8,552.75,60.1,10.7,13.1095625,104.8,5.638,26.87,20.55,17,47.5,45,7.5,2019-09-17T18:00:00Z,42.31504,-72.64114,44,7.48,19.1,9.83,NA,NA,10.6,204.6,NA,NA,NA
2019-09-17,2019,Fall,Downstream,01DRFA19.DM,01DRFA19,DM,51.8,552.75,60.1,10.7,13.1095625,104.8,5.638,26.87,20.55,20.25,7.5,91,1.5,2019-09-17T17:49:00Z,42.31509,-72.64103,41,7.48,19.2,9.91,NA,NA,14.1,211.36666666666667,NA,NA,NA
2019-09-17,2019,Fall,Downstream,01DRFA19.DSH,01DRFA19,DSH,51.8,552.75,60.1,10.7,13.1095625,104.8,5.638,26.87,20.55,15.25,22.5,75,2.5,2019-09-17T17:49:00Z,42.31531,-72.6412,53,7.48,19.3,10.03,NA,NA,7.833333333333333,203.66666666666663,NA,NA,NA
2019-09-17,2019,Fall,Downstream,01DRFA19.DSP,01DRFA19,DSP,51.8,552.75,60.1,10.7,13.1095625,104.8,5.638,26.87,20.55,14.25,16.5,81.5,2,2019-09-17T17:50:00Z,42.31532,-72.64103,43,7.51,19.2,9.91,NA,NA,9.233333333333333,204.36666666666667,NA,NA,NA
2019-09-17,2019,Fall,Downstream,01DRFA19.DSR,01DRFA19,DSR,51.8,552.75,60.1,10.7,13.1095625,104.8,5.638,26.87,20.55,19.75,30,55,15,2019-09-17T17:48:00Z,42.31507,-72.64112,40,7.43,19,9.73,NA,NA,8.666666666666666,206.06666666666663,NA,NA,NA
2019-09-23,2019,Fall,Downstream,02DRFA19.DFR,02DRFA19,DFR,37,509.2,49.5,9.94,10.89042361111111,148,5.427,23.94,19.725,14.6,22.5,67.5,10,2019-09-23T17:35:00Z,NA,NA,47,7.57,19.7,9.9,NA,NA,8.1,219.76666666666668,NA,NA,NA
2019-09-23,2019,Fall,Downstream,02DRFA19.DM,02DRFA19,DM,37,509.2,49.5,9.94,10.89042361111111,148,5.427,23.94,19.725,15.75,9,89,2,2019-09-23T18:00:00Z,NA,NA,52,7.63,19.8,9.93,NA,NA,7.666666666666667,218.76666666666668,NA,NA,NA
2019-09-23,2019,Fall,Downstream,02DRFA19.DSH,02DRFA19,DSH,37,509.2,49.5,9.94,10.89042361111111,148,5.427,23.94,19.725,20.5,15,57.5,27.5,2019-09-23T17:34:00Z,NA,NA,47,7.58,19.5,10.03,NA,NA,7.366666666666667,219.3,NA,NA,NA
2019-09-23,2019,Fall,Downstream,02DRFA19.DSP,02DRFA19,DSP,37,509.2,49.5,9.94,10.89042361111111,148,5.427,23.94,19.725,4,20,62.5,12.5,2019-09-23T17:36:00Z,NA,NA,43,7.56,19.5,10,NA,NA,7.966666666666667,217.96666666666667,NA,NA,NA
2019-09-23,2019,Fall,Downstream,02DRFA19.DSR,02DRFA19,DSR,37,509.2,49.5,9.94,10.89042361111111,148,5.427,23.94,19.725,18.25,35.5,62.5,2,2019-09-23T17:35:00Z,NA,NA,47,7.56,20,9.7,NA,NA,22.566666666666663,221.56666666666663,NA,NA,NA
2019-09-24,2019,Fall,Upstream,02URFA19.UFR,02URFA19,UFR,38.5,515.05,49.5,9.85,10.727944444444445,148,5.415,23.94,19.66,28.5,20,76.5,3.5,2019-09-24T18:00:00Z,42.31936,-72.65463,61,8.06,18.3,10.44,NA,NA,6.533333333333333,211.2,NA,NA,NA
2019-09-24,2019,Fall,Upstream,02URFA19.USH,02URFA19,USH,38.5,515.05,49.5,9.85,10.727944444444445,148,5.415,23.94,19.66,47,12.5,72.5,15,2019-09-24T17:55:00Z,42.32052,-72.65364,61,8.1,18.3,10.22,NA,NA,4.966666666666667,213.13333333333333,NA,NA,NA
2019-09-24,2019,Fall,Upstream,02URFA19.USU,02URFA19,USU,38.5,515.05,49.5,9.85,10.727944444444445,148,5.415,23.94,19.66,26,30,62.5,7.5,2019-09-24T17:52:00Z,42.32037,-72.65355,74,8.12,18.4,9.98,NA,NA,6.866666666666666,212.2,NA,NA,NA
2019-09-24,2019,Fall,Upstream,02URFA19.UM,02URFA19,UM,38.5,515.05,49.5,9.85,10.727944444444445,148,5.415,23.94,19.66,14.5,15,45,37.5,2019-09-24T17:57:00Z,42.31937,-72.6548,51,8.2,18.4,10.55,NA,NA,4.566666666666666,214.36666666666667,NA,NA,NA
2019-09-24,2019,Fall,Upstream,02URFA19.USR,02URFA19,USR,38.5,515.05,49.5,9.85,10.727944444444445,148,5.415,23.94,19.66,16.75,35,57.5,7.5,2019-09-24T17:55:00Z,42.31921,-72.65492,71,7.75,18,10.08,NA,NA,16.466666666666665,222.36666666666667,NA,NA,NA
2019-09-26,2019,Fall,Downstream,03DRFA19.DFR,03DRFA19,DFR,38.5,513.6999999999999,49.5,9.74,10.566715277777778,148,5.365,23.94,19.58,17,22.5,70,7.5,2019-09-26T18:04:00Z,NA,NA,NA,7.42,NA,NA,NA,NA,12.066666666666666,214.6,NA,NA,NA
2019-09-26,2019,Fall,Downstream,03DRFA19.DM,03DRFA19,DM,38.5,513.6999999999999,49.5,9.74,10.566715277777778,148,5.365,23.94,19.58,11,25,70,5,2019-09-26T18:04:00Z,NA,NA,NA,7.4,NA,NA,NA,NA,9.5,219.2,NA,NA,NA
2019-09-26,2019,Fall,Downstream,03DRFA19.DSH,03DRFA19,DSH,38.5,513.6999999999999,49.5,9.74,10.566715277777778,148,5.365,23.94,19.58,14.5,22.5,72.5,5,2019-09-26T18:04:00Z,NA,NA,NA,7.4,NA,NA,NA,NA,14.633333333333333,217.2,NA,NA,NA
2019-09-26,2019,Fall,Downstream,03DRFA19.DSR,03DRFA19,DSR,38.5,513.6999999999999,49.5,9.74,10.566715277777778,148,5.365,23.94,19.58,15.5,17.5,81.5,1,2019-09-26T18:06:00Z,NA,NA,NA,7.45,NA,NA,NA,NA,27.233333333333334,219.16666666666663,NA,NA,NA
2019-09-26,2019,Fall,Downstream,03DRFA19.DSP,03DRFA19,DSP,38.5,513.6999999999999,49.5,9.74,10.566715277777778,148,5.365,23.94,19.58,14.75,22.5,75,2.5,2019-09-26T18:08:00Z,NA,NA,NA,7.36,NA,NA,NA,NA,16.566666666666666,218.23333333333335,NA,NA,NA
2019-10-03,2019,Fall,Upstream,03URFA19.USH,03URFA19,USH,25.3,495.95,19.3,8.27,8.94109375,246.7,5.275,22.85,18.69,43.25,15,77.5,12.5,2019-10-03T17:55:00Z,NA,NA,NA,7.98,NA,NA,NA,NA,9.2,219.725,NA,NA,NA
2019-10-03,2019,Fall,Upstream,03URFA19.USU,03URFA19,USU,25.3,495.95,19.3,8.27,8.94109375,246.7,5.275,22.85,18.69,12,52.5,37.5,10,2019-10-03T17:55:00Z,NA,NA,NA,7.95,NA,NA,NA,NA,10.466666666666669,217.3,NA,NA,NA
2019-10-03,2019,Fall,Upstream,03URFA19.USR,03URFA19,USR,25.3,495.95,19.3,8.27,8.94109375,246.7,5.275,22.85,18.69,29,10,55,10,2019-10-03T17:55:00Z,NA,NA,NA,8,NA,NA,NA,NA,11.35,218.475,NA,NA,NA
2019-10-03,2019,Fall,Upstream,03URFA19.UM,03URFA19,UM,25.3,495.95,19.3,8.27,8.94109375,246.7,5.275,22.85,18.69,25.5,20,72.5,7.5,2019-10-03T17:55:00Z,NA,NA,NA,7.96,NA,NA,NA,NA,7.5,218.56666666666663,NA,NA,NA
2019-10-03,2019,Fall,Upstream,03URFA19.UFR,03URFA19,UFR,25.3,495.95,19.3,8.27,8.94109375,246.7,5.275,22.85,18.69,26,15,80,5,2019-10-03T17:55:00Z,NA,NA,NA,7.98,NA,NA,NA,NA,9.933333333333334,218.1,NA,NA,NA
2020-06-05,2020,Summer,Upstream,01URSU20.USH,01URSU20,USH,25.8,429.65,172,67.5,78.49291666666667,1557,4.112500000000001,24.07,15.835,17.25,25,70,5,2020-06-05T19:00:00Z,42.320470075,-72.65372257,70.28418291,8.04,20.4,10.151170795,149.522204715,0.05425,0.95,144.25,NA,NA,NA
2020-06-05,2020,Summer,Upstream,01URSU20.USR,01URSU20,USR,25.8,429.65,172,67.5,78.49291666666667,1557,4.112500000000001,24.07,15.835,28.25,5,82.5,12.5,2020-06-05T16:50:00Z,42.319170785,-72.654848425,50.95975643,8.02,19.3,10.44,169,0,3.45,162.05,NA,NA,NA
2020-06-05,2020,Summer,Upstream,01URSU20.UM,01URSU20,UM,25.8,429.65,172,67.5,78.49291666666667,1557,4.112500000000001,24.07,15.835,28,37.5,61.5,1,2020-06-05T17:44:00Z,42.319179414999994,-72.654654615,62.72514144,8.11,19.8,10.497339175,637.8037884,0.11315,0.95,156.45,NA,NA,NA
2020-06-05,2020,Summer,Upstream,01URSU20.USU,01URSU20,USU,25.8,429.65,172,67.5,78.49291666666667,1557,4.112500000000001,24.07,15.835,15.5,30,65,5,2020-06-05T19:31:00Z,42.320466284999995,-72.653692855,54.800978645,7.97,20.7,9.843183241,467.66844665,0.14245,1.75,144.4,NA,NA,NA
2020-06-05,2020,Summer,Upstream,01URSU20.UFR,01URSU20,UFR,25.8,429.65,172,67.5,78.49291666666667,1557,4.112500000000001,24.07,15.835,31.5,12,82.5,3,2020-06-05T18:20:00Z,42.31933612,-72.65475864,45.598780515,8.120000000000001,20.1,10.45839551,99.385283695,5e-4,2.25,157.8,NA,NA,NA
2020-06-06,2020,Summer,Downstream,01DRSU20.DFR,01DRSU20,DFR,25.8,445.2,158,63,74.08239583333334,1557,4.229,24.07,16.06,18.5,12,86,2,2020-06-06T15:10:00Z,42.31501547,-72.64116613,43.04634169,7.42,22.6,9.287265633,1148.395982,0.1724,6.8,159,NA,NA,NA
2020-06-06,2020,Summer,Downstream,01DRSU20.DM,01DRSU20,DM,25.8,445.2,158,63,74.08239583333334,1557,4.229,24.07,16.06,15.5,10,88,2,2020-06-06T15:30:00Z,42.31525924,-72.64110975,53.99024387,7.45,22.4,9.286555929,1207.833401,0,6.2,158.6,NA,NA,NA
2020-06-06,2020,Summer,Downstream,01DRSU20.DSH,01DRSU20,DSH,25.8,445.2,158,63,74.08239583333334,1557,4.229,24.07,16.06,14,10,90,0,2020-06-06T15:50:00Z,42.31519262,-72.64115403,49.44390199,7.43,22.6,9.365845636,39.77487254,0.3985,2.9,158.8,NA,NA,NA
2020-06-06,2020,Summer,Downstream,01DRSU20.DSR,01DRSU20,DSR,25.8,445.2,158,63,74.08239583333334,1557,4.229,24.07,16.06,19,9,90,1,2020-06-06T14:40:00Z,42.31485813,-72.64114231,41.17073161,7.43,22,9.456971629,1230.941595,0.0829,2.2,160.3,NA,NA,NA
2020-06-06,2020,Summer,Downstream,01DRSU20.DSP,01DRSU20,DSP,25.8,445.2,158,63,74.08239583333334,1557,4.229,24.07,16.06,15,20,75,5,2020-06-06T16:20:00Z,42.3153908,-72.64115273,45.79268237,7.44,22.5,9.202787201,1430.890283,0.2398,2.4,160.5,NA,NA,NA
2020-06-07,2020,Summer,Downstream,02DRSU20.DFR,02DRSU20,DFR,27.3,454.65,144,60.8,70.26711805555556,1557,4.357,24.19,16.34,16.4,15,70,15,2020-06-07T18:28:00Z,42.31507753,-72.64116669,48,7.19,20.4,8.972204372,97.97916856,0.0768,8.1,180.7,NA,NA,NA
2020-06-07,2020,Summer,Downstream,02DRSU20.DSH,02DRSU20,DSH,27.3,454.65,144,60.8,70.26711805555556,1557,4.357,24.19,16.34,16.8,5,95,0,2020-06-07T19:15:00Z,42.31530681,-72.64121809,47.13157935,7.2,20.1,9.121988651,46.12248118,0.1386,12.7,179.1,NA,NA,NA
2020-06-07,2020,Summer,Downstream,02DRSU20.DSP,02DRSU20,DSP,27.3,454.65,144,60.8,70.26711805555556,1557,4.357,24.19,16.34,11.9,30,65,5,2020-06-07T19:45:00Z,42.31550905,-72.64113933,56.32682893,7.26,20.1,9.262709875,161.1913637,0.07,9.5,181.2,NA,NA,NA
2020-06-07,2020,Summer,Downstream,02DRSU20.DSR,02DRSU20,DSR,27.3,454.65,144,60.8,70.26711805555556,1557,4.357,24.19,16.34,19,10,85,5,2020-06-07T18:00:00Z,42.31501733,-72.64105243,70.66097501,7.19,20.5,9.04136897,89.48747502,0.1901,9.7,182,NA,NA,NA
2020-06-07,2020,Summer,Upstream,02URSU20.UFR,02URSU20,UFR,27.3,454.65,144,60.8,70.26711805555556,1557,4.357,24.19,16.34,32.05,22.5,75,2.5,2020-06-07T15:00:00Z,42.31925901,-72.65452938,54.732413175,7.54,17.85,10.002989593,65.06973089499999,0.0469,5.8,166.6,NA,NA,NA
2020-06-07,2020,Summer,Upstream,02URSU20.UM,02URSU20,UM,27.3,454.65,144,60.8,70.26711805555556,1557,4.357,24.19,16.34,24.35,45,55,0,2020-06-07T14:40:00Z,42.319477795,-72.65476398,82.596117575,7.565,17.9,10.003393506,223.85036275,0.41180000000000005,3.5,163.55,NA,NA,NA
2020-06-07,2020,Summer,Upstream,02URSU20.USH,02URSU20,USH,27.3,454.65,144,60.8,70.26711805555556,1557,4.357,24.19,16.34,25.6,37.5,55,7.5,2020-06-07T15:30:00Z,42.32050998,-72.653706895,56.828048845,7.65,18.15,10.12865126,69.41817527500001,0.16765000000000002,5.699999999999999,148.35,NA,NA,NA
2020-06-07,2020,Summer,Upstream,02URSU20.USR,02URSU20,USR,27.3,454.65,144,60.8,70.26711805555556,1557,4.357,24.19,16.34,15.85,30,62.5,7.5,2020-06-07T14:00:00Z,42.319296025,-72.65479623,64.2292681,7.470000000000001,17.7,9.7250938565,86.893037304999993,-1.5e-4,5.4,172.35000000000002,NA,NA,NA
2020-06-07,2020,Summer,Upstream,02URSU20.USU,02URSU20,USU,27.3,454.65,144,60.8,70.26711805555556,1557,4.357,24.19,16.34,15,22.5,75,2.5,2020-06-07T15:46:00Z,42.32043525,-72.653642915,73.09797803000001,7.68,18.1,10.1329983,143.03384825,0.07235,5.7,148.10000000000002,NA,NA,NA
2020-06-07,2020,Summer,Downstream,02DRSU20.DM,02DRSU20,DM,27.3,454.65,144,60.8,70.26711805555556,1557,4.357,24.19,16.34,16.1,3,95,2,2020-06-07T19:00:00Z,42.31512088,-72.64111403,46.64878064,7.21,20.4,9.060270753,116.2497942,0.0728,10,180.6,NA,NA,NA
2020-06-08,2020,Summer,Upstream,03URSU20.UM,03URSU20,UM,21.5,460.8,142,56.5,66.79871527777777,1557,4.4915,24.19,16.595,19.4,27.5,72.5,0,2020-06-08T14:36:00Z,42.31925662,-72.654801155,52.62561006999999,7.58,16.2,10.4923785,321.14649925000003,0.1784,3.7,170.5,NA,NA,NA
2020-06-08,2020,Summer,Upstream,03URSU20.USU,03URSU20,USU,21.5,460.8,142,56.5,66.79871527777777,1557,4.4915,24.19,16.595,19.1,43,55,2,2020-06-08T15:54:00Z,42.320370325,-72.653687265,85.71341519,7.7,17.299999999999997,10.541706875,1517.5659715000002,0.25315,3.4000000000000004,152.7,NA,NA,NA
2020-06-08,2020,Summer,Upstream,03URSU20.UFR,03URSU20,UFR,21.5,460.8,142,56.5,66.79871527777777,1557,4.4915,24.19,16.595,31.7,35,65,0,2020-06-08T15:00:00Z,42.31942215,-72.654599075,56.554813245000005,7.57,16.35,10.424759865,74.770219355,0.05385,2.95,172.95,NA,NA,NA
2020-06-08,2020,Summer,Upstream,03URSU20.USH,03URSU20,USH,21.5,460.8,142,56.5,66.79871527777777,1557,4.4915,24.19,16.595,17.4,32,67.5,0.5,2020-06-08T15:27:00Z,42.320470535,-72.6537778,70.17560987,7.68,17.1,10.51689089,71.487426755,0.01285,6.1,151.8,NA,NA,NA
2020-06-08,2020,Summer,Upstream,03URSU20.USR,03URSU20,USR,21.5,460.8,142,56.5,66.79871527777777,1557,4.4915,24.19,16.595,22.799999999999997,46,40,14,2020-06-08T14:15:00Z,42.319283415,-72.65481344,54.246341335,7.51,15.9,10.284778255,33.101813735,0,3.1500000000000004,174.10000000000002,NA,NA,NA
2020-06-09,2020,Summer,Downstream,03DRSU20.DSP,03DRSU20,DSP,21.5,475.25,130,50.5,63.21079861111111,1557,4.6225000000000005,24.19,16.82,11.5,37,60,3,2020-06-09T15:30:00Z,42.31537796,-72.6412815,19.31951211,7.41,18.9,9.757799382,1125.231898,0.1485,5.1,169,NA,NA,NA
2020-06-09,2020,Summer,Downstream,03DRSU20.DM,03DRSU20,DM,21.5,475.25,130,50.5,63.21079861111111,1557,4.6225000000000005,24.19,16.82,18,20,78,2,2020-06-09T16:00:00Z,42.31513465,-72.64106992,38.30243962,7.4,19.1,9.719096857,200.4321786,0.2659,6.1,167.7,NA,NA,NA
2020-06-09,2020,Summer,Downstream,03DRSU20.DSH,03DRSU20,DSH,21.5,475.25,130,50.5,63.21079861111111,1557,4.6225000000000005,24.19,16.82,14.5,19,80,1,2020-06-09T15:00:00Z,42.31527449,-72.6412093,41.46097546,7.37,18.7,9.747934496,46.01766897,0.4873,1.9,167.7,NA,NA,NA
2020-06-09,2020,Summer,Downstream,03DRSU20.DSR,03DRSU20,DSR,21.5,475.25,130,50.5,63.21079861111111,1557,4.6225000000000005,24.19,16.82,16,20,75,5,2020-06-09T14:00:00Z,42.31497285,-72.64115273,46.60487803,7.39,18.9,10.0146728,430.7281139,8e-4,8.2,176.2,NA,NA,NA
2020-06-09,2020,Summer,Downstream,03DRSU20.DFR,03DRSU20,DFR,21.5,475.25,130,50.5,63.21079861111111,1557,4.6225000000000005,24.19,16.82,15,35,60,5,2020-06-09T14:30:00Z,42.31509511,-72.64113115,46.13902422,7.37,18.6,9.776858877,146.8960074,0,3,168.2,NA,NA,NA
2020-09-18,2020,Fall,Downstream,01DRFA20.DSP,01DRFA20,DSP,77.8,564.55,58.9,9.04,11.472041666666666,3.779,2.989,27.16,21.51,11.5,27.5,70,2.5,2020-09-18T16:50:00Z,42.31540694,-72.64109802499999,48.3548778,7.465,15.95,10.612582645,152.74447064999998,0,12.4,193.25,NA,NA,NA
2020-09-18,2020,Fall,Downstream,01DRFA20.DFR,01DRFA20,DFR,77.8,564.55,58.9,9.04,11.472041666666666,3.779,2.989,27.16,21.51,15.25,25,67.5,7.5,2020-09-18T15:55:00Z,42.3150979,-72.641110305,43.081707325000004,7.41,16.05,10.381053545,68.32522015500001,0.05655,12.75,193.35,NA,NA,NA
2020-09-18,2020,Fall,Downstream,01DRFA20.DSH,01DRFA20,DSH,77.8,564.55,58.9,9.04,11.472041666666666,3.779,2.989,27.16,21.51,11.25,22.5,75,2.5,2020-09-18T16:30:00Z,42.315245045,-72.64123991,66.98536589,7.395,16.1,10.548634375,31.83586653,0.18315,16.35,193.4,NA,NA,NA
2020-09-18,2020,Fall,Downstream,01DRFA20.DSR,01DRFA20,DSR,77.8,564.55,58.9,9.04,11.472041666666666,3.779,2.989,27.16,21.51,16.25,7.5,86,6.5,2020-09-18T15:30:00Z,42.31497932,-72.641112725,44.05731713,7.445,16.65,10.339003585,76.11030756,0,13.75,194.2,NA,NA,NA
2020-09-18,2020,Fall,Downstream,01DRFA20.DM,01DRFA20,DM,77.8,564.55,58.9,9.04,11.472041666666666,3.779,2.989,27.16,21.51,16.25,15,81.5,3.5,2020-09-18T16:15:00Z,42.315037195,-72.641183435,67.847560835,7.42,16.05,10.417611184999998,140.7991454,0.13595000000000002,12.45,195,NA,NA,NA
2020-09-19,2020,Fall,Upstream,01URFA20.UM,01URFA20,UM,67.6,556.2,58.9,9.04,11.476819444444445,3.779,2.971,27.16,21.35,14,7,92.5,0.5,2020-09-19T14:30:00Z,42.319335,-72.65477,57,7.65,11.7,11.005,33.5,0.205,8.55,202.1,NA,NA,NA
2020-09-19,2020,Fall,Upstream,01URFA20.USU,01URFA20,USU,67.6,556.2,58.9,9.04,11.476819444444445,3.779,2.971,27.16,21.35,27.25,45,50,5,2020-09-19T15:11:00Z,42.32053324,-72.65374365,91.09512209,7.76,12.5,11.765,1103.363037,0.0115,11.1,187.25,NA,NA,NA
2020-09-19,2020,Fall,Upstream,01URFA20.UFR,01URFA20,UFR,67.6,556.2,58.9,9.04,11.476819444444445,3.779,2.971,27.16,21.35,23,6.5,85,8.5,2020-09-19T14:45:00Z,42.320939,-72.65473,57.5,7.615,11.7,11.39,16,0.007,11.75,202.9,NA,NA,NA
2020-09-19,2020,Fall,Upstream,01URFA20.USR,01URFA20,USR,67.6,556.2,58.9,9.04,11.476819444444445,3.779,2.971,27.16,21.35,15,27.5,65,7.5,2020-09-19T14:20:00Z,42.319245,-72.65483499999999,51,7.475,11.5,10.815,46,0,14,204.8,NA,NA,NA
2020-09-19,2020,Fall,Upstream,01URFA20.USH,01URFA20,USH,67.6,556.2,58.9,9.04,11.476819444444445,3.779,2.971,27.16,21.35,19.75,20,72.5,7.5,2020-09-19T15:20:00Z,42.320474345,-72.65373574,60.054877905,7.735,12.55,11.69343029,433.1287118,0.011,10.85,187.95,NA,NA,NA
2020-09-20,2020,Fall,Downstream,02DRFA20.DFR,02DRFA20,DFR,67.6,546.45,58.9,9.04,11.461506944444444,3.779,2.957,27.16,21.2,17.25,10,80,10,2020-09-20T14:51:00Z,42.315175375,-72.64116932499999,36.115384715,7.355,13.85,10.835020705,75.17605293,0.0391,16.65,201.2,NA,NA,NA
2020-09-20,2020,Fall,Downstream,02DRFA20.DM,02DRFA20,DM,67.6,546.45,58.9,9.04,11.461506944444444,3.779,2.957,27.16,21.2,15.75,17.5,77.5,5,2020-09-20T15:07:00Z,42.31512818,-72.64102926000001,40.391025495,7.390000000000001,14.3,10.84698778,76.55585683999999,0.0272,16.35,200.05,NA,NA,NA
2020-09-20,2020,Fall,Downstream,02DRFA20.DSH,02DRFA20,DSH,67.6,546.45,58.9,9.04,11.461506944444444,3.779,2.957,27.16,21.2,15,12.5,70,17.5,2020-09-20T14:30:00Z,42.31532889,-72.64118096499999,42.943589724999995,7.35,13.85,10.77270427,271.22730162,0.30779999999999996,17.6,200.85,NA,NA,NA
2020-09-20,2020,Fall,Downstream,02DRFA20.DSP,02DRFA20,DSP,67.6,546.45,58.9,9.04,11.461506944444444,3.779,2.957,27.16,21.2,11.5,17.5,72.5,10,2020-09-20T14:20:00Z,42.315428315,-72.641129515,41.353846085,7.375,13.85,10.681342675,43.049789055,0.02865,16.7,201.75,NA,NA,NA
2020-09-20,2020,Fall,Downstream,02DRFA20.DSR,02DRFA20,DSR,67.6,546.45,58.9,9.04,11.461506944444444,3.779,2.957,27.16,21.2,14,16.5,75,8.5,2020-09-20T14:56:00Z,42.31511023,-72.641063105,46.9820516,7.345000000000001,14.35,11.22320206,887.44233295,0,14,201.3,NA,NA,NA
2020-09-25,2020,Fall,Upstream,02URFA20.UM,02URFA20,UM,67.6,488.6,58.9,9.04,11.512666666666666,3.534,2.844,24.92,20.36,16,7.5,85,7.5,2020-09-25T17:11:00Z,42.319413355,-72.65481420500001,54.116666745,8.195,15.4,11.839431785,198.22655655,0.38325,8.75,213.4,NA,NA,NA
2020-09-25,2020,Fall,Upstream,02URFA20.USH,02URFA20,USH,67.6,488.6,58.9,9.04,11.512666666666666,3.534,2.844,24.92,20.36,22.5,20,75,5,2020-09-25T17:53:00Z,42.320437575,-72.65370061499999,69.70769364,8.245000000000001,15.85,11.40094656,96.011173455,0.0908,9.6,197.2,NA,NA,NA
2020-09-25,2020,Fall,Upstream,02URFA20.USR,02URFA20,USR,67.6,488.6,58.9,9.04,11.512666666666666,3.534,2.844,24.92,20.36,14,10,85,5,2020-09-25T16:45:00Z,42.319209255,-72.656272855,29.494871818,7.815,15.5,11.582965949999998,84.770238365,6.5e-4,9.7,218.45,NA,NA,NA
2020-09-25,2020,Fall,Upstream,02URFA20.USU,02URFA20,USU,67.6,488.6,58.9,9.04,11.512666666666666,3.534,2.844,24.92,20.36,20.25,25,70,5,2020-09-25T18:08:00Z,42.320286435,-72.65355252,68.62435912999999,8.295,15.85,11.55189127,126.50466545,0.15635,7.85,196.25,NA,NA,NA
2020-09-25,2020,Fall,Upstream,02URFA20.UFR,02URFA20,UFR,67.6,488.6,58.9,9.04,11.512666666666666,3.534,2.844,24.92,20.36,32.5,35,60,5,2020-09-25T17:11:00Z,42.31945116,-72.65461105,68.93076901500001,8.135000000000002,15.4,11.813698865,24.64108351,1e-4,7.4,214.5,NA,NA,NA
2020-09-26,2020,Fall,Downstream,03DRFA20.DFR,03DRFA20,DFR,67.6,491.65,58.9,9.04,11.54004861111111,3.534,2.8315,24.34,20.2,14.75,12.5,77.5,10,2020-09-26T14:55:00Z,42.315222434999995,-72.64116631499999,45.78170758,7.335,16.8,10.154587,65.50811058000001,0.08795,14.05,210.15,NA,NA,NA
2020-09-26,2020,Fall,Downstream,03DRFA20.DSP,03DRFA20,DSP,67.6,491.65,58.9,9.04,11.54004861111111,3.534,2.8315,24.34,20.2,13.5,12.5,82.5,5,2020-09-26T14:20:00Z,42.315347345,-72.641071875,49.732926535,7.35,17,9.9432332075,40.20602204,0,24.6,224.65,NA,NA,NA
2020-09-26,2020,Fall,Downstream,03DRFA20.DSR,03DRFA20,DSR,67.6,491.65,58.9,9.04,11.54004861111111,3.534,2.8315,24.34,20.2,13,7.5,87.5,5,2020-09-26T15:20:00Z,42.31498653,-72.641112445,50.542683205,7.335,16.9,9.9691137475,112.520705815,0,27.75,201.85,NA,NA,NA
2020-09-26,2020,Fall,Downstream,03DRFA20.DM,03DRFA20,DM,67.6,491.65,58.9,9.04,11.54004861111111,3.534,2.8315,24.34,20.2,11,7.5,85,7.5,2020-09-26T15:41:00Z,42.315110184999995,-72.641117285000007,76.845121805,7.404999999999999,16.9,10.4622634,145.2281863,0.0761,14.1,204.4,NA,NA,NA
2020-09-26,2020,Fall,Downstream,03DRFA20.DSH,03DRFA20,DSH,67.6,491.65,58.9,9.04,11.54004861111111,3.534,2.8315,24.34,20.2,14.25,7.5,82.5,10,2020-09-26T14:35:00Z,42.31536991,-72.641199065,44.37317062,7.31,16.8,10.17885493,8.793764336999999,0.0924,13,216.2,NA,NA,NA
2020-09-27,2020,Fall,Upstream,03URFA20.USU,03URFA20,USU,49.6,493.6,58.9,9.04,11.548118055555555,3.534,2.825,24.34,20.01,19,12.5,82.5,5,2020-09-27T16:25:00Z,42.32037214,-72.653607155,69.31097589,8.015,17.25,11.0875481,139.92841855,0.1347,7.65,202.35,NA,NA,NA
2020-09-27,2020,Fall,Upstream,03URFA20.USR,03URFA20,USR,49.6,493.6,58.9,9.04,11.548118055555555,3.534,2.825,24.34,20.01,13.25,10,82.5,7.5,2020-09-27T15:15:00Z,42.319210005,-72.65478851,50.30975635,7.515000000000001,17.2,10.47652056,88.699252085,0,31.65,224.6,NA,NA,NA
2020-09-27,2020,Fall,Upstream,03URFA20.USH,03URFA20,USH,49.6,493.6,58.9,9.04,11.548118055555555,3.534,2.825,24.34,20.01,14.75,35,57.5,7.5,2020-09-27T16:45:00Z,42.32047081,-72.65367098499999,52.712194955,8.03,17.5,10.94422338,75.08654927,0,9.55,202.75,NA,NA,NA
2020-09-27,2020,Fall,Upstream,03URFA20.UFR,03URFA20,UFR,49.6,493.6,58.9,9.04,11.548118055555555,3.534,2.825,24.34,20.01,27,27.5,67.5,5,2020-09-27T15:35:00Z,42.31929449,-72.654642615,77.936584845,7.77,17.05,10.88946183,46.44526992,0,18.4,221.15,NA,NA,NA
2020-09-27,2020,Fall,Upstream,03URFA20.UM,03URFA20,UM,49.6,493.6,58.9,9.04,11.548118055555555,3.534,2.825,24.34,20.01,13.25,22.5,67.5,10,2020-09-27T15:35:00Z,42.31931981,-72.654820375,63.17451885999999,7.795,16.9,10.96369668,165.2575432,0.2252,14.5,223.75,NA,NA,NA
2021-06-02,2021,Summer,Upstream,01URSU21.USH,01URSU21,USH,132.2,438.1,1250,98.3,132.1226388888889,1236,14.614999999999998,21.76,13.58,21,10,90,0,2021-06-02T18:51:00Z,42.32045,-71.363,51,7.54,15.6,10.64,138,0.464,5.6,108.5,NA,NA,NA
2021-06-02,2021,Summer,Upstream,01URSU21.UM,01URSU21,UM,132.2,438.1,1250,98.3,132.1226388888889,1236,14.614999999999998,21.76,13.58,32,5,95,0,2021-06-02T18:20:00Z,42.3193,-72.65471,34,7.54,15.7,10.59,122,0.6,6,114.6,NA,NA,NA
2021-06-02,2021,Summer,Upstream,01URSU21.USU,01URSU21,USU,132.2,438.1,1250,98.3,132.1226388888889,1236,14.614999999999998,21.76,13.58,21,20,80,0,2021-06-02T18:41:00Z,42.32039,-71.352,72,7.54,15.6,10.68,226,0.272,6.4,107.6,NA,NA,NA
2021-06-02,2021,Summer,Upstream,01URSU21.UFR,01URSU21,UFR,132.2,438.1,1250,98.3,132.1226388888889,1236,14.614999999999998,21.76,13.58,36.5,5,95,0,2021-06-02T18:06:00Z,42.31942,-72.6547,53,7.56,15.4,10.58,83,0.001,8.3,119.1,NA,NA,NA
2021-06-02,2021,Summer,Upstream,01URSU21.USR,01URSU21,USR,132.2,438.1,1250,98.3,132.1226388888889,1236,14.614999999999998,21.76,13.58,24,10,90,0,2021-06-02T17:50:00Z,42.31916,-72.65471,88,7.56,15.8,10.58,158,0.015,7.4,119.1,NA,NA,NA
2021-06-03,2021,Summer,Downstream,01DRSU21.DSP,01DRSU21,DSP,120,440.6,1250,94,130.6865625,1236,15.15,21.76,14.075,12,15,85,0,2021-06-03T18:23:00Z,42.31524,-72.64074,75,7.42,16.9,10.37,253,0.233,9.6,122.9,NA,NA,NA
2021-06-03,2021,Summer,Downstream,01DRSU21.DFR,01DRSU21,DFR,120,440.6,1250,94,130.6865625,1236,15.15,21.76,14.075,14.75,15,80,5,2021-06-03T17:45:00Z,42.31505,-72.64116,45,7.46,17,10.29,113,0.213,8.6,122.5,NA,NA,NA
2021-06-03,2021,Summer,Downstream,01DRSU21.DSH,01DRSU21,DSH,120,440.6,1250,94,130.6865625,1236,15.15,21.76,14.075,18,15,85,0,2021-06-03T18:11:00Z,42.31523,-72.64107,48,7.42,17.1,10.29,60,0.59,10,122.1,NA,NA,NA
2021-06-03,2021,Summer,Downstream,01DRSU21.DM,01DRSU21,DM,120,440.6,1250,94,130.6865625,1236,15.15,21.76,14.075,26,30,63,7,2021-06-03T18:03:00Z,42.31517,-72.64103,65,7.42,16.9,10.31,250,0.216,8.6,121.9,NA,NA,NA
2021-06-03,2021,Summer,Downstream,01DRSU21.DSR,01DRSU21,DSR,120,440.6,1250,94,130.6865625,1236,15.15,21.76,14.075,12.9,25,70,5,2021-06-03T17:33:00Z,42.31493,-72.64104,60,7.46,17.1,10.37,143,0.298,7.8,125.1,NA,NA,NA
2021-06-07,2021,Summer,Upstream,02URSU21.UM,02URSU21,UM,76.6,485.65,312,78.4,93.16916666666668,1236,18.35,22.63,16.17,12.5,11,88,1,2021-06-07T14:20:00Z,42.379255,-72.65482,48,7.545,20.35,9.6,161.5,0.5155,9.85,145.60000000000002,NA,NA,NA
2021-06-07,2021,Summer,Upstream,02URSU21.USH,02URSU21,USH,76.6,485.65,312,78.4,93.16916666666668,1236,18.35,22.63,16.17,22.25,32,65,3,2021-06-07T15:37:00Z,42.37204,-72.653655,52.5,7.67,21.1,9.625,168,0.122,8.899999999999999,131.60000000000002,NA,NA,NA
2021-06-07,2021,Summer,Upstream,02URSU21.UFR,02URSU21,UFR,76.6,485.65,312,78.4,93.16916666666668,1236,18.35,22.63,16.17,28,7,91.5,1.5,2021-06-07T14:45:00Z,42.379195,-72.65471500000001,53.5,7.58,20.45,9.61,49.5,5e-4,9.25,146.5,NA,NA,NA
2021-06-07,2021,Summer,Upstream,02URSU21.USU,02URSU21,USU,76.6,485.65,312,78.4,93.16916666666668,1236,18.35,22.63,16.17,14.5,6,94,0,2021-06-07T15:12:00Z,42.37204,-72.65361,66,7.685,21.15,9.665,1022,0.108,10.4,133.10000000000002,NA,NA,NA
2021-06-07,2021,Summer,Upstream,02URSU21.USR,02URSU21,USR,76.6,485.65,312,78.4,93.16916666666668,1236,18.35,22.63,16.17,19.5,25,72,3,2021-06-07T13:58:00Z,42.37922,-72.65486,47,7.525,20.1,9.515,86,0,8.25,149.95,NA,NA,NA
2021-06-08,2021,Summer,Downstream,02DRSU21.DSH,02DRSU21,DSH,76.6,504.85,312,72.2,88.92159722222222,1236,22.83,23.78,16.605,16.45,12.5,81.75,0.75,2021-06-08T15:38:00Z,42.3153,-72.641165,53.5,7.295,23.9,8.805,51,0.3995,12.7,146.7,NA,NA,NA
2021-06-08,2021,Summer,Downstream,02DRSU21.DSP,02DRSU21,DSP,76.6,504.85,312,72.2,88.92159722222222,1236,22.83,23.78,16.605,6.25,12.5,85,2.5,2021-06-08T16:00:00Z,42.315315,-72.64099,55,7.225,23.35,8.715,553.5,0.3035,10.2,147.05,NA,NA,NA
2021-06-08,2021,Summer,Downstream,02DRSU21.DFR,02DRSU21,DFR,76.6,504.85,312,72.2,88.92159722222222,1236,22.83,23.78,16.605,23.05,40,59,1,2021-06-08T14:30:00Z,42.31512,-72.641165,55,7.275,22.55,8.815000000000001,1108,0.1975,9,143.6,NA,NA,NA
2021-06-08,2021,Summer,Downstream,02DRSU21.DM,02DRSU21,DM,76.6,504.85,312,72.2,88.92159722222222,1236,22.83,23.78,16.605,18.5,22.5,76.5,1,2021-06-08T15:12:00Z,42.31515,-72.64108999999999,54,7.289999999999999,23.15,8.72,183.5,0.0825,13.25,144.35,NA,NA,NA
2021-06-08,2021,Summer,Downstream,02DRSU21.DSR,02DRSU21,DSR,76.6,504.85,312,72.2,88.92159722222222,1236,22.83,23.78,16.605,21.75,27.5,69,3.5,2021-06-08T14:07:00Z,42.314845000000005,-72.640945,39,7.315,22.25,8.825,535,0.0775,10.2,145.75,NA,NA,NA
2021-06-10,2021,Summer,Upstream,03URSU21.USU,03URSU21,USU,95.2,530.1,312,65.3,81.21510416666666,1236,22.83,23.86,17.2,16.25,20,79,1,2021-06-10T18:52:00Z,42.320345,-72.65361999999999,63,7.745,22,9.37,1114,0.177,8.3,136.4,NA,NA,NA
2021-06-10,2021,Summer,Upstream,03URSU21.UM,03URSU21,UM,95.2,530.1,312,65.3,81.21510416666666,1236,22.83,23.86,17.2,13,5,95,0,2021-06-10T18:31:00Z,42.319329999999994,-72.65481,55.5,7.78,22.05,9.5,1219,0.41,6.85,144.5,NA,NA,NA
2021-06-10,2021,Summer,Upstream,03URSU21.UFR,03URSU21,UFR,95.2,530.1,312,65.3,81.21510416666666,1236,22.83,23.86,17.2,30.75,12,87,1,2021-06-10T18:12:00Z,42.319325,-72.65457,65.5,7.755,21.95,9.58,1291,0.1295,8.25,147.85,NA,NA,NA
2021-06-10,2021,Summer,Upstream,03URSU21.USH,03URSU21,USH,95.2,530.1,312,65.3,81.21510416666666,1236,22.83,23.86,17.2,22.7,15,85,0,2021-06-10T19:06:00Z,42.32048,-72.65366,64.5,7.725,22.1,9.31,187.5,0.122,8.2,136.25,NA,NA,NA
2021-06-10,2021,Summer,Upstream,03URSU21.USR,03URSU21,USR,95.2,530.1,312,65.3,81.21510416666666,1236,22.83,23.86,17.2,25.25,74.5,22.5,3,2021-06-10T17:46:00Z,42.319235,-72.654785,53.5,7.68,21.8,9.645,154.5,0.001,15.15,151.7,NA,NA,NA
2021-06-11,2021,Summer,Downstream,03DRSU21.DSH,03DRSU21,DSH,95.2,539,312,63,77.34503472222222,1236,22.83,23.86,17.665,16,8,82.5,5,2021-06-11T18:35:00Z,42.315285,-72.64118500000001,38,7.345,20.65,9.315,90.5,0.46,9.25,151.6,NA,NA,NA
2021-06-11,2021,Summer,Downstream,03DRSU21.DSR,03DRSU21,DSR,95.2,539,312,63,77.34503472222222,1236,22.83,23.86,17.665,17,22.5,72.5,5,2021-06-11T17:35:00Z,42.314989999999995,-72.641145,39,7.395,20.7,9.24,83,0,10.15,154.05,NA,NA,NA
2021-06-11,2021,Summer,Downstream,03DRSU21.DSP,03DRSU21,DSP,95.2,539,312,63,77.34503472222222,1236,22.83,23.86,17.665,8,17.5,84.5,3,2021-06-11T19:55:00Z,42.315475,-72.64104,48,7.36,20.25,9.355,229.5,0.1885,9.2,151.14999999999998,NA,NA,NA
2021-06-11,2021,Summer,Downstream,03DRSU21.DFR,03DRSU21,DFR,95.2,539,312,63,77.34503472222222,1236,22.83,23.86,17.665,18.5,30,62.5,7.5,2021-06-11T17:59:00Z,42.315380000000005,-72.64114000000001,50,7.375,20.8,9.295,157.5,0.057,8.05,151.8,NA,NA,NA
2021-06-11,2021,Summer,Downstream,03DRSU21.DM,03DRSU21,DM,95.2,539,312,63,77.34503472222222,1236,22.83,23.86,17.665,15.25,37.5,57.5,5,2021-06-11T18:20:00Z,42.31511,-72.64113499999999,66,7.345,20.55,9.32,349.5,0.0815,9.1,152.7,NA,NA,NA
2021-09-22,2021,Fall,Upstream,01URFA21.UM,01URFA21,UM,153.4,592.2,2770,80.69999999999999,168.32965277777777,1036,10.114999999999998,24.01,19.21,27.5,17.5,77.5,5,2021-09-22T18:20:00Z,NA,NA,NA,7.83,18.5,10.38,112,0.279,5.1,148.8,NA,NA,NA
2021-09-22,2021,Fall,Upstream,01URFA21.USU,01URFA21,USU,153.4,592.2,2770,80.69999999999999,168.32965277777777,1036,10.114999999999998,24.01,19.21,25.5,15,75,10,2021-09-22T19:00:00Z,NA,NA,NA,7.77,19.6,9.99,132,0.217,2.9,126.9,NA,NA,NA
2021-09-22,2021,Fall,Upstream,01URFA21.USH,01URFA21,USH,153.4,592.2,2770,80.69999999999999,168.32965277777777,1036,10.114999999999998,24.01,19.21,21.5,25,72,3,2021-09-22T19:03:00Z,NA,NA,NA,7.72,19.6,9.65,32,0.695,4.6,128.1,NA,NA,NA
2021-09-22,2021,Fall,Upstream,01URFA21.UFR,01URFA21,UFR,153.4,592.2,2770,80.69999999999999,168.32965277777777,1036,10.114999999999998,24.01,19.21,39.65,12.5,87.5,0,2021-09-22T18:30:00Z,NA,NA,NA,7.8,18.3,10.37,40,0.006,10.5,141.5,NA,NA,NA
2021-09-22,2021,Fall,Upstream,01URFA21.USR,01URFA21,USR,153.4,592.2,2770,80.69999999999999,168.32965277777777,1036,10.114999999999998,24.01,19.21,22.75,20,77,3,2021-09-22T18:26:00Z,NA,NA,NA,7.79,18.9,10.31,94,0.005,9.5,143.6,NA,NA,NA
2021-09-30,2021,Fall,Upstream,02URFA21.UM,02URFA21,UM,156.3,533.3,2770,71.1,119.31402777777778,1036,9.5,22.42,18.42,21.5,22.5,62.5,15,2021-09-30T17:52:00Z,42.31932,-72.6548,65,7.72,14.6,11.27,125,0.256,7.6,133.2,NA,NA,NA
2021-09-30,2021,Fall,Upstream,02URFA21.UFR,02URFA21,UFR,156.3,533.3,2770,71.1,119.31402777777778,1036,9.5,22.42,18.42,32.25,5.5,94,0.5,2021-09-30T18:11:00Z,42.31925,-72.65462,40,7.68,14.2,11.26,44,0.08,7.3,136.4,NA,NA,NA
2021-09-30,2021,Fall,Upstream,02URFA21.USH,02URFA21,USH,156.3,533.3,2770,71.1,119.31402777777778,1036,9.5,22.42,18.42,26.75,22.5,74,3.5,2021-09-30T18:40:00Z,42.32044,-72.6537,75,7.7,14.2,11.21,17,0.155,7.8,123.8,NA,NA,NA
2021-09-30,2021,Fall,Upstream,02URFA21.USR,02URFA21,USR,156.3,533.3,2770,71.1,119.31402777777778,1036,9.5,22.42,18.42,17.5,10,89,1,2021-09-30T18:03:00Z,42.31927,-72.65476,66,7.65,14.3,11.23,82,0.039,6.9,135.6,NA,NA,NA
2021-09-30,2021,Fall,Upstream,02URFA21.USU,02URFA21,USU,156.3,533.3,2770,71.1,119.31402777777778,1036,9.5,22.42,18.42,25.25,15,79.5,5.5,2021-09-30T18:50:00Z,42.32044,-72.65373,101,7.69,14,11.22,69,0.09,6,124,NA,NA,NA
2021-09-23,2021,Fall,Downstream,01DRFA21.DFR,01DRFA21,DFR,129,588.9,2770,78.4,153.50489583333334,1036,9.96,24.01,19.1,12.5,25,72,3,2021-09-23T18:10:00Z,NA,NA,NA,7.42,20.8,9.6,50,NA,7.5,140.4,NA,NA,NA
2021-09-23,2021,Fall,Downstream,01DRFA21.DM,01DRFA21,DM,129,588.9,2770,78.4,153.50489583333334,1036,9.96,24.01,19.1,18.5,12.5,82.5,5,2021-09-23T18:16:00Z,NA,NA,NA,7.43,20.3,9.67,192,NA,2.9,140.1,NA,NA,NA
2021-09-23,2021,Fall,Downstream,01DRFA21.DSH,01DRFA21,DSH,129,588.9,2770,78.4,153.50489583333334,1036,9.96,24.01,19.1,30,23,75,2,2021-09-23T18:20:00Z,NA,NA,NA,7.44,20.3,9.76,54,NA,6.2,141,NA,NA,NA
2021-09-23,2021,Fall,Downstream,01DRFA21.DSP,01DRFA21,DSP,129,588.9,2770,78.4,153.50489583333334,1036,9.96,24.01,19.1,14,10,90,0,2021-09-23T18:26:00Z,NA,NA,NA,7.4,20.1,9.64,235,0.126,NA,NA,NA,NA,NA
2021-09-23,2021,Fall,Downstream,01DRFA21.DSR,01DRFA21,DSR,129,588.9,2770,78.4,153.50489583333334,1036,9.96,24.01,19.1,24,15,80,5,2021-09-23T18:00:00Z,NA,NA,NA,7.46,20.5,9.73,53,NA,8.7,144.9,NA,NA,NA
2021-09-29,2021,Fall,Downstream,03DRFA21.DFR,03DRFA21,DFR,158.3,545.2,2770,71.3,119.7403125,1036,9.56,22.95,18.53,18,5,90,5,2021-09-29T18:05:00Z,NA,NA,NA,7.38,15.8,10.47,55,0.489,8.6,131.3,NA,NA,NA
2021-09-29,2021,Fall,Downstream,03DRFA21.DM,03DRFA21,DM,158.3,545.2,2770,71.3,119.7403125,1036,9.56,22.95,18.53,27,10,90,0,2021-09-29T17:58:00Z,NA,NA,NA,7.38,15.5,10.61,593,0.334,5,131,NA,NA,NA
2021-09-29,2021,Fall,Downstream,03DRFA21.DSH,03DRFA21,DSH,158.3,545.2,2770,71.3,119.7403125,1036,9.56,22.95,18.53,20,10,85,5,2021-09-29T18:13:00Z,NA,NA,NA,7.43,16.1,10.72,36,0.025,12.9,136.1,NA,NA,NA
2021-09-29,2021,Fall,Downstream,03DRFA21.DSP,03DRFA21,DSP,158.3,545.2,2770,71.3,119.7403125,1036,9.56,22.95,18.53,19.5,40,60,0,2021-09-29T18:20:00Z,NA,NA,NA,7.38,15.1,10.56,73,0.204,5.9,131.1,NA,NA,NA
2021-09-29,2021,Fall,Downstream,03DRFA21.DSR,03DRFA21,DSR,158.3,545.2,2770,71.3,119.7403125,1036,9.56,22.95,18.53,21,10,80,10,2021-09-29T17:50:00Z,NA,NA,NA,7.43,16.2,10.61,42,0.004,21.1,135.9,NA,NA,NA
2021-09-28,2021,Fall,Downstream,02DRFA21.DFR,02DRFA21,DFR,153.2,553.55,2770,72,120.28138888888888,1036,9.62,22.95,18.67,15,10,85,5,2021-09-28T17:55:00Z,NA,NA,NA,7.32,16.9,NA,NA,NA,8.3,134.3,NA,NA,NA
2021-09-28,2021,Fall,Downstream,02DRFA21.DM,02DRFA21,DM,153.2,553.55,2770,72,120.28138888888888,1036,9.62,22.95,18.67,28.5,5,95,0,2021-09-28T18:10:00Z,NA,NA,NA,7.28,16.4,NA,NA,NA,8.1,126.2,NA,NA,NA
2021-09-28,2021,Fall,Downstream,02DRFA21.DSH,02DRFA21,DSH,153.2,553.55,2770,72,120.28138888888888,1036,9.62,22.95,18.67,30,5,90,5,2021-09-28T18:00:00Z,NA,NA,NA,7.28,16.4,NA,NA,NA,7.9,132.2,NA,NA,NA
2021-09-28,2021,Fall,Downstream,02DRFA21.DSP,02DRFA21,DSP,153.2,553.55,2770,72,120.28138888888888,1036,9.62,22.95,18.67,10,15,80,5,2021-09-28T18:05:00Z,NA,NA,NA,7.29,16.2,NA,NA,NA,7.4,132.1,NA,NA,NA
2021-09-28,2021,Fall,Downstream,02DRFA21.DSR,02DRFA21,DSR,153.2,553.55,2770,72,120.28138888888888,1036,9.62,22.95,18.67,39,55,44,1,2021-09-28T18:15:00Z,NA,NA,NA,7.29,16.4,NA,NA,NA,7.5,132,NA,NA,NA
2022-05-31,2022,Summer,Upstream,01URSU22.UM,01URSU22,UM,77.6,478.2,152,58.9,64.72024305555556,NA,NA,NA,NA,24.25,5,95,0,2022-05-31T17:00:00Z,41.319365000000005,-72.63477,NA,7.91,21.35,9.705,446,0.4005,2.75,76.7,0.9,NA,NA
2022-05-31,2022,Summer,Upstream,01URSU22.USU,01URSU22,USU,77.6,478.2,152,58.9,64.72024305555556,NA,NA,NA,NA,19.7,5,95,0,2022-05-31T18:40:00Z,41.320325,-72.65366499999999,NA,7.79,22.7,9.17,1006.5,0.238,2.75,69.65,0.7,NA,NA
2022-06-07,2022,Summer,Downstream,02DRSU22.DSR,02DRSU22,DSR,66.6,529,108,52.7,50.329861111111114,NA,NA,NA,NA,23,10,85,5,2022-06-07T17:06:00Z,42.31494,-72.64106,NA,7.42,19.9,9.19,193,0.357,7.4,86.6,1,NA,NA
2022-06-07,2022,Summer,Downstream,02DRSU22.DFR,02DRSU22,DFR,66.6,529,108,52.7,50.329861111111114,NA,NA,NA,NA,13,10,89,5,2022-06-07T17:32:00Z,42.31515,-72.64105,NA,7.46,20,9.16,110,0.094,6.6,86.9,0.9,NA,NA
2022-06-14,2022,Summer,Downstream,03DRSU22.DSR,03DRSU22,DSR,97.1,548.95,203,41.6,46.86170138888889,NA,NA,NA,NA,12,4,95,1,2022-06-14T17:07:00Z,42.31492,-72.64117,NA,7.43,22.2,8.7,23,0.002,11.6,82.6,1,NA,NA
2022-06-01,2022,Summer,Downstream,01DRSU22.DFR,01DRSU22,DFR,80.6,488.75,152,57.8,62.80885416666667,NA,NA,NA,NA,16.5,8,90,2,2022-06-01T16:37:00Z,42.31513,-72.64115,NA,7.38,20,9.27,100,0.123,6,76.5,0.9,NA,NA
2022-06-01,2022,Summer,Downstream,01DRSU22.DM,01DRSU22,DM,80.6,488.75,152,57.8,62.80885416666667,NA,NA,NA,NA,20.5,50,45,5,2022-06-01T16:50:00Z,42.31513,-72.64111,NA,7.38,19.7,9.18,101,0.043,6.3,76.7,0.8,NA,NA
2022-05-31,2022,Summer,Upstream,01URSU22.UFR,01URSU22,UFR,77.6,478.2,152,58.9,64.72024305555556,NA,NA,NA,NA,30.25,16,84,0,2022-05-31T17:57:00Z,41.319405,-72.63441499999999,NA,7.825,21.95,9.53,26,0.0185,3.15,77.4,0.8,NA,NA
2022-06-06,2022,Summer,Upstream,02URSU22.USR,02URSU22,USR,66.6,518.45,108,53.7,52.086666666666666,NA,NA,NA,NA,19.75,12.5,80,7.5,2022-06-06T18:00:00Z,42.319244999999995,-72.65482499999999,NA,7.7,19.1,9.875,122.5,0,13.7,86.4,1,NA,NA
2022-06-06,2022,Summer,Upstream,02URSU22.USH,02URSU22,USH,66.6,518.45,108,53.7,52.086666666666666,NA,NA,NA,NA,23.25,47.5,47.5,5,2022-06-06T18:50:00Z,42.320409999999995,-72.65365,NA,7.705,19.75,9.4,180.5,NA,4,77.3,1,NA,NA
2022-05-31,2022,Summer,Upstream,01URSU22.USR,01URSU22,USR,77.6,478.2,152,58.9,64.72024305555556,NA,NA,NA,NA,19.9,10,85,5,2022-05-31T17:40:00Z,41.31921,-72.634805,NA,7.845000000000001,21.6,9.66,143,0,4.3,76.9,0.8500000000000001,NA,NA
2022-06-14,2022,Summer,Downstream,03DRSU22.DM,03DRSU22,DM,97.1,548.95,203,41.6,46.86170138888889,NA,NA,NA,NA,16,30,65,5,2022-06-14T17:11:00Z,42.31501,-72.64112,NA,7.47,22.5,8.81,1531,0.025,9.2,81.2,0.9,NA,NA
2022-06-01,2022,Summer,Downstream,01DRSU22.DSP,01DRSU22,DSP,80.6,488.75,152,57.8,62.80885416666667,NA,NA,NA,NA,15,20,80,0,2022-06-01T17:11:00Z,42.31548,-72.6411,NA,7.36,19.6,9.17,131,0.278,6.2,75.9,0.8,NA,NA
2022-06-13,2022,Summer,Upstream,03URSU22.UFR,03URSU22,UFR,97.1,552.3,203,42.5,47.71694444444445,NA,NA,NA,NA,36.75,7.5,92.5,0,2022-06-13T17:52:00Z,42.319525,-72.65459,NA,7.735,20.25,9.41,44,0.003,7.7,80.3,1.1,NA,NA
2022-06-07,2022,Summer,Downstream,02DRSU22.DSP,02DRSU22,DSP,66.6,529,108,52.7,50.329861111111114,NA,NA,NA,NA,11.5,20,80,0,2022-06-07T17:57:00Z,42.31548,-72.64116,NA,7.45,19.8,9.11,629,0.201,4.7,85.6,0.9,NA,NA
2022-05-31,2022,Summer,Upstream,01URSU22.USH,01URSU22,USH,77.6,478.2,152,58.9,64.72024305555556,NA,NA,NA,NA,21.25,27.5,70,2.5,2022-05-31T19:03:00Z,41.320485,-72.65365,NA,7.715,22.3,9.23,382.5,0.162,2.5,69.80000000000001,0.8,NA,NA
2022-06-01,2022,Summer,Downstream,01DRSU22.DSH,01DRSU22,DSH,80.6,488.75,152,57.8,62.80885416666667,NA,NA,NA,NA,12,5,93,2,2022-06-01T16:56:00Z,42.31534,-72.64114,NA,7.37,19.6,9.23,27,0.261,5,77.1,0.8,NA,NA
2022-06-07,2022,Summer,Downstream,02DRSU22.DSH,02DRSU22,DSH,66.6,529,108,52.7,50.329861111111114,NA,NA,NA,NA,13,1,95,4,2022-06-07T17:52:00Z,42.31528,-72.64123,NA,7.44,19.9,9.16,34,0.41,8.4,85.8,0.9,NA,NA
2022-06-13,2022,Summer,Upstream,03URSU22.USH,03URSU22,USH,97.1,552.3,203,42.5,47.71694444444445,NA,NA,NA,NA,19,3.5,90.5,6,2022-06-13T18:38:00Z,42.32048,-72.65367499999999,NA,7.74,20.75,9.175,58.5,0.14450000000000002,6.6,74.3,1,NA,NA
2022-06-13,2022,Summer,Upstream,03URSU22.USR,03URSU22,USR,97.1,552.3,203,42.5,47.71694444444445,NA,NA,NA,NA,14.25,12,84.5,3.5,2022-06-13T17:30:00Z,42.319275,-72.65485,NA,7.745,20,9.415,237,0.0025,8.7,82.6,1,NA,NA
2022-06-06,2022,Summer,Upstream,02URSU22.USU,02URSU22,USU,66.6,518.45,108,53.7,52.086666666666666,NA,NA,NA,NA,21.25,7.5,92,0.5,2022-06-06T18:25:00Z,42.320585,-72.65361,NA,7.715,19.45,9.71,774.5,0.192,2.5,77.6,1,NA,NA
2022-06-06,2022,Summer,Upstream,02URSU22.UM,02URSU22,UM,66.6,518.45,108,53.7,52.086666666666666,NA,NA,NA,NA,16.5,2.5,95,2.5,2022-06-06T17:20:00Z,42.31927,-72.65482,NA,7.745,18.75,9.98,1543.5,0.2425,3.4,86,1.1,NA,NA
2022-06-13,2022,Summer,Upstream,03URSU22.UM,03URSU22,UM,97.1,552.3,203,42.5,47.71694444444445,NA,NA,NA,NA,16,9.5,87.5,3,2022-06-13T17:10:00Z,42.31951,-72.654695,NA,7.755,20.15,9.53,1422,0.5085,3.8,81.8,1.1,NA,NA
2022-06-06,2022,Summer,Upstream,02URSU22.UFR,02URSU22,UFR,66.6,518.45,108,53.7,52.086666666666666,NA,NA,NA,NA,32.25,12.5,87.5,0,2022-06-06T17:25:00Z,42.31934,-72.65457,NA,7.72,18.6,9.925,46,0.0265,1.1,85.6,1,NA,NA
2022-06-01,2022,Summer,Downstream,01DRSU22.DSR,01DRSU22,DSR,80.6,488.75,152,57.8,62.80885416666667,NA,NA,NA,NA,17,15,80,5,2022-06-01T16:28:00Z,42.31509,-72.64105,NA,7.4,20,9.25,110,0.036,7.2,78.2,1.1,NA,NA
2022-06-07,2022,Summer,Downstream,02DRSU22.DM,02DRSU22,DM,66.6,529,108,52.7,50.329861111111114,NA,NA,NA,NA,17,38,60,2,2022-06-07T17:30:00Z,42.31521,-72.64107,NA,7.45,19.9,9.16,224,0.106,4.5,86.2,1,NA,NA
2022-06-13,2022,Summer,Upstream,03URSU22.USU,03URSU22,USU,97.1,552.3,203,42.5,47.71694444444445,NA,NA,NA,NA,17.5,7.5,92.5,0,2022-06-13T18:20:00Z,42.320375,-72.65362999999999,NA,7.775,20.65,9.225,894.5,0.122,5.8,72.7,1,NA,NA
2022-06-14,2022,Summer,Downstream,03DRSU22.DFR,03DRSU22,DFR,97.1,548.95,203,41.6,46.86170138888889,NA,NA,NA,NA,13,5,90,5,2022-06-14T17:23:00Z,42.31501,-72.64115,NA,7.46,22.7,8.87,42,0.064,10.4,80.8,0.9,NA,NA
2022-06-14,2022,Summer,Downstream,03DRSU22.DSP,03DRSU22,DSP,97.1,548.95,203,41.6,46.86170138888889,NA,NA,NA,NA,11,5,95,0,2022-06-14T17:45:00Z,42.31536,-72.64109,NA,7.5,23.8,8.94,1546,0.43,7.7,80,0.9,NA,NA
2022-06-14,2022,Summer,Downstream,03DRSU22.DSH,03DRSU22,DSH,97.1,548.95,203,41.6,46.86170138888889,NA,NA,NA,NA,13.5,1,94,5,2022-06-14T17:33:00Z,42.31528,-72.64124,NA,7.44,22.8,8.92,18,0.582,9.8,80.6,0.9,NA,NA
2022-09-29,2022,Fall,Upstream,03URFA22.USU,03URFA22,USU,200.7,517.85,136,12.9,18.49199305555555,NA,NA,NA,NA,39.5,17.5,79,3.5,2022-09-29T18:00:00Z,42.32020158,-72.65345666,NA,8.29,15.1,10.51223646,136.7317758,0.287123889,7.6,98.8,0.9,36,0.4
2022-09-29,2022,Fall,Upstream,03URFA22.UM,03URFA22,UM,200.7,517.85,136,12.9,18.49199305555555,NA,NA,NA,NA,22,10,85,5,2022-09-29T18:10:00Z,42.31934266,-72.65476387,NA,8.3,14.4,10.67100898,101.6765688,0.094742193,10,103.2,1,37,0.7
2022-09-29,2022,Fall,Upstream,03URFA22.UFR,03URFA22,UFR,200.7,517.85,136,12.9,18.49199305555555,NA,NA,NA,NA,31,30,60,10,2022-09-29T18:19:00Z,42.31927568,-72.65472999,NA,8.22,14.2,10.82176761,29.17219953,0.007272116,7.5,107.5,1,36,0.4
2022-09-29,2022,Fall,Upstream,03URFA22.USR,03URFA22,USR,200.7,517.85,136,12.9,18.49199305555555,NA,NA,NA,NA,33,40,60,0,2022-09-29T18:15:00Z,42.31918728,-72.65492978,NA,7.79,14.1,10.58063841,35.44391041,0.01444642,10.2,106.3,1,36,0.5
2022-09-22,2022,Fall,Downstream,01DRFA22.DSH,01DRFA22,DSH,202.1,590.9,136,9.9,15.130520833333334,NA,NA,NA,NA,26,35,60,5,2022-09-22T18:29:00Z,NA,NA,NA,7.48,18.1,9.2,NA,NA,13.8,92.9,0.9,42,0.2
2022-09-22,2022,Fall,Downstream,01DRFA22.DM,01DRFA22,DM,202.1,590.9,136,9.9,15.130520833333334,NA,NA,NA,NA,18,20,70,10,2022-09-22T18:25:00Z,NA,NA,NA,7.46,18,9.22,NA,NA,16.5,94.6,0.9,44,0.5
2022-09-22,2022,Fall,Downstream,01DRFA22.DFR,01DRFA22,DFR,202.1,590.9,136,9.9,15.130520833333334,NA,NA,NA,NA,24.5,25,70,5,2022-09-22T18:22:00Z,NA,NA,NA,7.41,18.3,9.32,NA,NA,16.1,91.2,0.9,40,0.2
2022-09-22,2022,Fall,Downstream,01DRFA22.DSP,01DRFA22,DSP,202.1,590.9,136,9.9,15.130520833333334,NA,NA,NA,NA,18.33,15,65,10,2022-09-22T18:39:00Z,NA,NA,NA,7.45,18.4,9.43,NA,NA,14.6,87.3,0.9,46,0
2022-09-22,2022,Fall,Downstream,01DRFA22.DSR,01DRFA22,DSR,202.1,590.9,136,9.9,15.130520833333334,NA,NA,NA,NA,27.9,20,75,5,2022-09-22T18:14:00Z,NA,NA,NA,7.38,18.6,9.15,NA,NA,17.6,96.6,1.1,37,0.2
2022-09-27,2022,Fall,Upstream,02URFA22.USR,02URFA22,USR,200.7,537.5,136,12.1,18.000815972222224,NA,NA,NA,NA,14,20,75,30,2022-09-27T18:10:00Z,NA,NA,NA,7.61,NA,10.41,NA,NA,13.7,102.5,1,35,0.4
2022-09-21,2022,Fall,Upstream,01URFA22.UFR,01URFA22,UFR,225.2,595.6,136,9.57,14.671083333333334,NA,NA,NA,NA,36,15,83,2,2022-09-21T18:24:00Z,42.31918335,-72.65483093,NA,8.02,18.4,9.854552039,21.35951345,0.012391253,6.6,95.4,0.9,38,0.2
2022-09-21,2022,Fall,Upstream,01URFA22.USH,01URFA22,USH,225.2,595.6,136,9.57,14.671083333333334,NA,NA,NA,NA,22.9,30,60,10,2022-09-21T18:44:00Z,42.32038408,-72.65369295,NA,8.03,18.6,9.502418905,69.36329167,0.186542511,3.4,86.9,1,43,0.2
2022-09-29,2022,Fall,Upstream,03URFA22.USH,03URFA22,USH,200.7,517.85,136,12.9,18.49199305555555,NA,NA,NA,NA,21.65,20,70,10,2022-09-29T18:03:00Z,42.32044132,-72.65364486,NA,8.27,14.5,10.56457069,30.46826618,0.089593283,8.7,97.3,1,36,0.6
2022-09-21,2022,Fall,Upstream,01URFA22.USU,01URFA22,USU,225.2,595.6,136,9.57,14.671083333333334,NA,NA,NA,NA,34,15,80,5,2022-09-21T18:36:00Z,42.32047506,-72.65345275,NA,8.03,18.6,9.359403101,39.63842625,0.058738895,6.7,89,1.1,38,0.1
2022-09-21,2022,Fall,Upstream,01URFA22.UM,01URFA22,UM,225.2,595.6,136,9.57,14.671083333333334,NA,NA,NA,NA,17.75,37.5,62.5,2.5,2022-09-21T18:28:00Z,42.31918609,-72.65460851,NA,8.07,18.5,9.635001358,974.377888,0.122987701,5.7,93.1,1,38,0.4
2022-09-21,2022,Fall,Upstream,01URFA22.USR,01URFA22,USR,225.2,595.6,136,9.57,14.671083333333334,NA,NA,NA,NA,16.7,15,83,2,2022-09-21T18:19:00Z,42.31918413,-72.65488688,NA,8.01,18.3,9.720615124,83.28507586,8.55981e-4,10,94.2,0.9,37,0
2022-09-27,2022,Fall,Upstream,02URFA22.UM,02URFA22,UM,200.7,537.5,136,12.1,18.000815972222224,NA,NA,NA,NA,20,20,70,5,2022-09-27T18:10:00Z,NA,NA,NA,7.77,NA,10.37,NA,NA,7.6,64.1,0.9,35,0.3
2022-09-27,2022,Fall,Upstream,02URFA22.USU,02URFA22,USU,200.7,537.5,136,12.1,18.000815972222224,NA,NA,NA,NA,5,29,80,10,2022-09-27T18:30:00Z,NA,NA,NA,7.88,17.2,10.67,NA,NA,8.4,94.6,0.9,36,0.2
2022-09-27,2022,Fall,Upstream,02URFA22.UFR,02URFA22,UFR,200.7,537.5,136,12.1,18.000815972222224,NA,NA,NA,NA,26,10,90,1,2022-09-27T18:15:00Z,NA,NA,NA,7.84,NA,10.88,NA,NA,7.5,18.4,1,36,0.5
2022-09-27,2022,Fall,Upstream,02URFA22.USH,02URFA22,USH,200.7,537.5,136,12.1,18.000815972222224,NA,NA,NA,NA,24,30,65,5,2022-09-27T18:45:00Z,NA,NA,NA,7.85,16.5,10.86,NA,NA,10.5,93.1,1,36,0
2022-09-28,2022,Fall,Downstream,02DRFA22.DSP,02DRFA22,DSP,200.7,529.75,136,12.5,18.270576388888887,NA,NA,NA,NA,7,10,85,5,2022-09-28T17:30:00Z,42.31522379,-72.64111905,NA,7.65,16.2,10.0070632,144.4377456,0.444162058,12.4,102,1,40,0.2
2022-10-03,2022,Fall,Downstream,03DRFA22.DSR,03DRFA22,DSR,199.7,483.9,136,12.9,19.26670138888889,NA,NA,NA,NA,18,20,80,0,2022-10-03T18:30:00Z,NA,NA,NA,7.45,13.5,10.36,NA,NA,14.7,114.6,1.1,42,0.3
2022-10-03,2022,Fall,Downstream,03DRFA22.DFR,03DRFA22,DFR,199.7,483.9,136,12.9,19.26670138888889,NA,NA,NA,NA,8,15,80,5,2022-10-03T18:50:00Z,NA,NA,NA,7.63,12.6,10.5,NA,NA,11.6,115.6,1.1,40,0.2
2022-10-03,2022,Fall,Downstream,03DRFA22.DSH,03DRFA22,DSH,199.7,483.9,136,12.9,19.26670138888889,NA,NA,NA,NA,NA,NA,NA,NA,2022-10-03T18:55:00Z,NA,NA,NA,7.63,12.9,10.45,NA,NA,14.6,115,1,42,0.2
2022-10-03,2022,Fall,Downstream,03DRFA22.DSP,03DRFA22,DSP,199.7,483.9,136,12.9,19.26670138888889,NA,NA,NA,NA,15.4,40,50,10,2022-10-03T19:00:00Z,NA,NA,NA,7.68,12.7,10.62,NA,NA,12,114.7,1,39,0.5
2022-10-03,2022,Fall,Downstream,03DRFA22.DM,03DRFA22,DM,199.7,483.9,136,12.9,19.26670138888889,NA,NA,NA,NA,10.5,40,55,5,2022-10-03T18:40:00Z,NA,NA,NA,7.63,12.7,10.52,NA,NA,10.9,116.2,1.1,41,0.2
2022-09-28,2022,Fall,Downstream,02DRFA22.DM,02DRFA22,DM,200.7,529.75,136,12.5,18.270576388888887,NA,NA,NA,NA,11,10,90,0,2022-09-28T16:41:00Z,42.31517959,-72.64107458,NA,7.58,15.9,10.21395768,25.67557401,0.285213382,11.7,100.9,1,35,0.3
2022-09-28,2022,Fall,Downstream,02DRFA22.DSR,02DRFA22,DSR,200.7,529.75,136,12.5,18.270576388888887,NA,NA,NA,NA,13,23,75,2,2022-09-28T15:58:00Z,42.31506934,-72.64114715,NA,7.55,16.3,9.945240093,350.7764949,0,10.1,103.4,1,37,0.6
2022-09-28,2022,Fall,Downstream,02DRFA22.DFR,02DRFA22,DFR,200.7,529.75,136,12.5,18.270576388888887,NA,NA,NA,NA,12,30,65,5,2022-09-28T16:20:00Z,42.31506507,-72.64113741,NA,7.6,16,9.710737046,179.1854338,0.001819784,8,101.8,1,36,0.4
2022-09-28,2022,Fall,Downstream,02DRFA22.DSH,02DRFA22,DSH,200.7,529.75,136,12.5,18.270576388888887,NA,NA,NA,NA,10,20,75,5,2022-09-28T17:09:00Z,42.31525403,-72.64115608,NA,7.57,16.4,10.23550903,25.69420393,0.245043732,9.2,101.6,1,36,0.5
2023-05-31,2023,Summer,Downstream,01DRSU23.DFR,01DRSU23,DFR,73.5,401.25,1170,85.5,136.89743055555556,5913,9.065,21.11,14.97,13,40,59,1,2023-05-31T17:40:00Z,42.31555557,-72.64118958,NA,7.36,17.6,10.37158409,44.67568746,0.191912767,8.2,76,1.3,23,0
2023-05-31,2023,Summer,Downstream,01DRSU23.DM,01DRSU23,DM,73.5,401.25,1170,85.5,136.89743055555556,5913,9.065,21.11,14.97,25,23,75,7,2023-05-31T17:40:00Z,42.31535691,-72.64123476,NA,7.36,17.5,10.34766649,26.12695461,0.112459136,11.1,76,1.2,32,0
2023-05-31,2023,Summer,Downstream,01DRSU23.DSH,01DRSU23,DSH,73.5,401.25,1170,85.5,136.89743055555556,5913,9.065,21.11,14.97,18,30,65,5,2023-05-31T18:22:00Z,42.31520081,-72.64105225,NA,7.41,17.7,10.44666981,16.11476991,0.309896702,12.2,74.4,1.3,32,0
2023-05-31,2023,Summer,Downstream,01DRSU23.DSP,01DRSU23,DSP,73.5,401.25,1170,85.5,136.89743055555556,5913,9.065,21.11,14.97,13.8,5,93,2,2023-05-31T18:15:00Z,42.31517508,-72.64119701,NA,7.38,17.7,10.42663097,1350.614036,0.199337471,11.1,74.6,1.4,30,0
2023-05-31,2023,Summer,Downstream,01DRSU23.DSR,01DRSU23,DSR,73.5,401.25,1170,85.5,136.89743055555556,5913,9.065,21.11,14.97,17.8,8,90,2,2023-05-31T17:15:00Z,NA,NA,NA,7.34,17.4,10.23356994,25.09140387,0,11.6,77,1.3,24,0
2023-06-01,2023,Summer,Upstream,01URSU23.UFR,01URSU23,UFR,67.7,409.85,759,81.65,114.38180555555556,5913,8.955,21.11,15.13,35.5,19,80,1,2023-06-01T17:51:00Z,42.31936264,-72.65466309,NA,7.74,19.4,10.436211905,72.45885239500001,0.063550763,5.6,76.4,1.1,27,0
2023-06-01,2023,Summer,Upstream,01URSU23.UM,01URSU23,UM,67.7,409.85,759,81.65,114.38180555555556,5913,8.955,21.11,15.13,20.549999999999997,16.5,77.5,6,2023-06-01T18:17:00Z,42.31928381,-72.654661775,NA,7.77,19.8,11.011803265,1208.3174239999998,0.3672368375,5.7,74.2,1.2,30,0
2023-06-01,2023,Summer,Upstream,01URSU23.USH,01URSU23,USH,67.7,409.85,759,81.65,114.38180555555556,5913,8.955,21.11,15.13,18.200000000000003,23,75,2,2023-06-01T19:03:00Z,42.320511745,-72.65377237999999,NA,7.655,19.9,10.089245675,194.207797755,0.1396186875,9.6,70,1.2,29,0
2023-06-01,2023,Summer,Upstream,01URSU23.USR,01URSU23,USR,67.7,409.85,759,81.65,114.38180555555556,5913,8.955,21.11,15.13,24.6,17.5,74,8.5,2023-06-01T17:22:00Z,NA,NA,NA,7.720000000000001,18.9,10.446182025,74.92775140500001,0.036061309,7.2,78.4,1.1,27,0
2023-06-01,2023,Summer,Upstream,01URSU23.USU,01URSU23,USU,67.7,409.85,759,81.65,114.38180555555556,5913,8.955,21.11,15.13,17,23.5,75,1.5,2023-06-01T18:48:00Z,42.32032097,-72.65365359,NA,7.645,20.1,10.0034713075,1180.854433,0.05692770299999999,5.4,68.5,1.2,24,0
2023-06-05,2023,Summer,Upstream,02URSU23.UFR,02URSU23,UFR,82.39999999999999,442.35,759,68.1,86.57479166666667,5913,12.96,22.18,15.79,33.1,24,67.5,3.5,2023-06-05T17:52:00Z,NA,NA,NA,7.64,14.2,11.08,49,0.015,8.9,68,0.8,25,0.04
2023-06-05,2023,Summer,Upstream,02URSU23.UM,02URSU23,UM,82.39999999999999,442.35,759,68.1,86.57479166666667,5913,12.96,22.18,15.79,22.1,26.5,72.5,1,2023-06-05T18:15:00Z,NA,NA,NA,7.67,14.2,11.06,60,0.056,6.1,70.6,1,28,0.04
2023-06-05,2023,Summer,Upstream,02URSU23.USH,02URSU23,USH,82.39999999999999,442.35,759,68.1,86.57479166666667,5913,12.96,22.18,15.79,27.3,31.5,60,3.5,2023-06-05T19:05:00Z,NA,NA,NA,7.63,14.3,11.04,67,0.053,5.1,66,0.8,30,0
2023-06-05,2023,Summer,Upstream,02URSU23.USR,02URSU23,USR,82.39999999999999,442.35,759,68.1,86.57479166666667,5913,12.96,22.18,15.79,21.5,26.5,70,3.5,2023-06-05T17:23:00Z,NA,NA,NA,7.64,14.1,10.73,163,0,17.3,74.6,0.8,30,0
2023-06-05,2023,Summer,Upstream,02URSU23.USU,02URSU23,USU,82.39999999999999,442.35,759,68.1,86.57479166666667,5913,12.96,22.18,15.79,17.75,22.5,72.5,5,2023-06-05T18:42:00Z,NA,NA,NA,7.6,14.3,10.9,447,0.259,4.9,62.7,0.9,33,0
2023-06-06,2023,Summer,Downstream,02DRSU23.DFR,02DRSU23,DFR,82.39999999999999,443.75,759,65.6,82.40743055555555,5913,13.65,22.18,15.82,12.9,49,50,1,2023-06-06T14:46:00Z,42.31503501,-72.64116222,NA,7.34,14.7,10.4671091,367.5034989,0.141278644,4.3,75.1,0.9,25,0.03
2023-06-06,2023,Summer,Downstream,02DRSU23.DM,02DRSU23,DM,82.39999999999999,443.75,759,65.6,82.40743055555555,5913,13.65,22.18,15.82,17.5,30,68,2,2023-06-06T15:00:00Z,42.31505771,-72.64103699,NA,7.33,14.7,10.6116206,348.2712147,0.115191437,5.8,75.3,0.9,19,0
2023-06-06,2023,Summer,Downstream,02DRSU23.DSH,02DRSU23,DSH,82.39999999999999,443.75,759,65.6,82.40743055555555,5913,13.65,22.18,15.82,18.6,49,50,1,2023-06-06T15:18:00Z,42.31555557,-72.64167023,NA,7.33,14.8,10.55551456,224.6865561,0.193916143,3.9,73.5,0.9,31,0.05
2023-06-06,2023,Summer,Downstream,02DRSU23.DSP,02DRSU23,DSP,82.39999999999999,443.75,759,65.6,82.40743055555555,5913,13.65,22.18,15.82,16,65,30,5,2023-06-06T15:22:00Z,42.31529617,-72.64109802,NA,7.33,14.7,10.63974854,440.1894503,0.206087689,8.4,76.7,0.8,33,0.1
2023-06-06,2023,Summer,Downstream,02DRSU23.DSR,02DRSU23,DSR,82.39999999999999,443.75,759,65.6,82.40743055555555,5913,13.65,22.18,15.82,33.5,27,70,3,2023-06-06T14:41:00Z,42.31503482,-72.64110472,NA,7.34,14.9,10.45987012,283.5269307,0.164108276,9.2,75,0.9,10,0.02
2023-06-07,2023,Summer,Upstream,03URSU23.UFR,03URSU23,UFR,81.6,443.2,759,63.2,78.81232638888889,5913,14.2,22.18,15.9,20.75,14,84.5,3.5,2023-06-07T14:05:00Z,42.319973,-72.654877,NA,7.64,14.3,10.91164883,78.48548889,0.086839676,6.2,77.1,0.9,29,0.06
2023-06-07,2023,Summer,Upstream,03URSU23.UM,03URSU23,UM,81.6,443.2,759,63.2,78.81232638888889,5913,14.2,22.18,15.9,12.75,44,57.5,1.5,2023-06-07T14:26:00Z,42.319317,-72.655016,NA,7.67,14.4,10.95913111,343.3538038,0.305305304,15.5,76.9,1,28,0.06
2023-06-07,2023,Summer,Upstream,03URSU23.USH,03URSU23,USH,81.6,443.2,759,63.2,78.81232638888889,5913,14.2,22.18,15.9,21.25,27,70,3,2023-06-07T15:16:00Z,NA,NA,NA,7.68,14.7,10.7447,39.13507,0.06132,9,71.3,1,29,0.07
2023-06-07,2023,Summer,Upstream,03URSU23.USR,03URSU23,USR,81.6,443.2,759,63.2,78.81232638888889,5913,14.2,22.18,15.9,17.15,26.5,70,3.5,2023-06-07T13:53:00Z,42.319847,-72.655045,NA,7.64,14.5,10.93381833,81.36039556,0.04441727,8.8,79.7,0.7,31,0
2023-06-07,2023,Summer,Upstream,03URSU23.USU,03URSU23,USU,81.6,443.2,759,63.2,78.81232638888889,5913,14.2,22.18,15.9,16.35,34,65,1,2023-06-07T15:00:00Z,NA,NA,NA,7.7,14.7,10.84081,815.0296,0.226867,5.1,70.9,1,25,0.04
2023-06-08,2023,Summer,Downstream,03DRSU23.DFR,03DRSU23,DFR,81.6,444,759,60,75.4965625,5913,14.21,22.18,15.93,19,23,75,2,2023-06-08T17:36:00Z,NA,NA,NA,7.39,14.6,10.42029229,118.2041612,0.393627078,4.1,74.2,0.6,31,0
2023-06-08,2023,Summer,Downstream,03DRSU23.DM,03DRSU23,DM,81.6,444,759,60,75.4965625,5913,14.21,22.18,15.93,13.7,19,80,1,2023-06-08T17:45:00Z,NA,NA,NA,7.4,14.8,10.53167158,388.9921235,0.140821876,2.3,76.3,0.7,28,0.02
2023-06-08,2023,Summer,Downstream,03DRSU23.DSH,03DRSU23,DSH,81.6,444,759,60,75.4965625,5913,14.21,22.18,15.93,21.2,12,85,3,2023-06-08T17:59:00Z,NA,NA,NA,7.37,15,10.55743076,44.057092,0.672499191,3.7,77.3,1.1,29,0.02
2023-06-08,2023,Summer,Downstream,03DRSU23.DSP,03DRSU23,DSP,81.6,444,759,60,75.4965625,5913,14.21,22.18,15.93,13.5,60,55,5,2023-06-08T17:51:00Z,NA,NA,NA,7.41,14.8,10.54763684,436.5033882,0.248840687,3.8,71.9,0.7,26,0
2023-06-08,2023,Summer,Downstream,03DRSU23.DSR,03DRSU23,DSR,81.6,444,759,60,75.4965625,5913,14.21,22.18,15.93,15,25,70,5,2023-06-08T17:33:00Z,NA,NA,NA,7.39,14.7,10.34772111,28.33699071,0.001076987,4.8,79.1,0.7,29,0
2023-09-26,2023,Fall,Downstream,01DRFA23.DFR,01DRFA23,DFR,150.20000000000002,575.9,279,43.8,54.812152777777776,274.8,4.343500000000001,26.18,20.155,24,5,90,5,2023-09-26T18:23:00Z,42.31524,-72.64113,NA,7.35,15,11.01,34,0.231,10,54.8,1.4,28,0
2023-09-26,2023,Fall,Downstream,01DRFA23.DM,01DRFA23,DM,150.20000000000002,575.9,279,43.8,54.812152777777776,274.8,4.343500000000001,26.18,20.155,22,10,85,5,2023-09-26T18:36:00Z,42.3154,-72.6419,NA,7.35,15.2,11.07,145,0.357,11,53.9,1.3,28,0
2023-09-26,2023,Fall,Downstream,01DRFA23.DSH,01DRFA23,DSH,150.20000000000002,575.9,279,43.8,54.812152777777776,274.8,4.343500000000001,26.18,20.155,29,10,80,10,2023-09-26T18:32:00Z,42.31548,-72.64119,NA,7.37,15.1,10.98,16,0.214,11.1,53.9,1.2,26,0
2023-09-26,2023,Fall,Downstream,01DRFA23.DSP,01DRFA23,DSP,150.20000000000002,575.9,279,43.8,54.812152777777776,274.8,4.343500000000001,26.18,20.155,23,25,70,5,2023-09-26T18:45:00Z,42.31535,-72.6409,NA,7.15,15.3,11,223,0.367,9.1,54.1,1.4,27,0
2023-09-26,2023,Fall,Downstream,01DRFA23.DSR,01DRFA23,DSR,150.20000000000002,575.9,279,43.8,54.812152777777776,274.8,4.343500000000001,26.18,20.155,31.5,5,90,5,2023-09-26T18:09:00Z,42.31502,-72.64116,NA,7.1,14.9,10.77,19,0.002,9.2,59.4,1.2,26,0
2023-09-27,2023,Fall,Upstream,01URFA23.UFR,01URFA23,UFR,150.20000000000002,566.2,279,43.8,57.38628472222222,274.8,4.3454999999999995,26.18,19.98,26,5,90,5,2023-09-27T19:02:00Z,42.31933,-72.65465,NA,7.51,13.7,11.3,15,0.07,9.4,66.3,2.3,30,0
2023-09-27,2023,Fall,Upstream,01URFA23.UM,01URFA23,UM,150.20000000000002,566.2,279,43.8,57.38628472222222,274.8,4.3454999999999995,26.18,19.98,22,10,85,5,2023-09-27T18:51:00Z,42.31927,-72.65483,NA,7.5,13.7,11.45,772,0.51,10,64.8,1.8,29,0
2023-09-27,2023,Fall,Upstream,01URFA23.USH,01URFA23,USH,150.20000000000002,566.2,279,43.8,57.38628472222222,274.8,4.3454999999999995,26.18,19.98,40,18,80,2,2023-09-27T18:40:00Z,42.3204,-72.65382,NA,7.5,13.7,11.44,45,0.305,8.4,59.8,1.6,31,0
2023-09-27,2023,Fall,Upstream,01URFA23.USR,01URFA23,USR,150.20000000000002,566.2,279,43.8,57.38628472222222,274.8,4.3454999999999995,26.18,19.98,23,8,90,2,2023-09-27T18:57:00Z,42.31916,-72.65458,NA,7.53,13.7,11.35,217,0.001,10.9,65.7,1.9,30,0
2023-09-27,2023,Fall,Upstream,01URFA23.USU,01URFA23,USU,150.20000000000002,566.2,279,43.8,57.38628472222222,274.8,4.3454999999999995,26.18,19.98,26,20,75,5,2023-09-27T18:31:00Z,42.32043,-72.6535,NA,7.57,13.7,11.37,252,0.382,8.6,60.3,1.5,29,0.05
2023-09-28,2023,Fall,Upstream,02URFA23.UFR,02URFA23,UFR,150.20000000000002,557.9,279,43.8,58.170659722222226,274.8,4.3155,26.18,19.465,46.5,25,70,5,2023-09-28T18:47:00Z,42.3191902,-72.65467619,NA,7.66,13.6,11.1568456,34.20201744,0.080810175,12.8,70.8,1.9,27,0
2023-09-28,2023,Fall,Upstream,02URFA23.UM,02URFA23,UM,150.20000000000002,557.9,279,43.8,58.170659722222226,274.8,4.3155,26.18,19.465,15,5,95,0,2023-09-28T18:39:00Z,42.31913757,-72.65499878,NA,7.68,13.6,11.44737168,482.0539893,0.171557171,8.6,69,1.6,29,0
2023-09-28,2023,Fall,Upstream,02URFA23.USH,02URFA23,USH,150.20000000000002,557.9,279,43.8,58.170659722222226,274.8,4.3155,26.18,19.465,40,40,55,5,2023-09-28T18:29:00Z,42.32053424,-72.65363644,NA,7.69,13.5,11.20922945,23.98048959,0.292133238,14.4,63.7,1.6,28,0
2023-09-28,2023,Fall,Upstream,02URFA23.USR,02URFA23,USR,150.20000000000002,557.9,279,43.8,58.170659722222226,274.8,4.3155,26.18,19.465,19.5,7,90,3,2023-09-28T18:42:00Z,42.31931178,-72.654739180000007,NA,7.68,13.5,11.30920039,54.48969399,0.093140021,13.9,71.2,2,31,0
2023-09-28,2023,Fall,Upstream,02URFA23.USU,02URFA23,USU,150.20000000000002,557.9,279,43.8,58.170659722222226,274.8,4.3155,26.18,19.465,15.5,5,95,2.5,2023-09-28T18:24:00Z,42.32039104,-72.65354372,NA,7.63,13.5,11.40245588,53.59463575,0.341463787,7.7,65.5,1.5,31,0
2023-10-02,2023,Fall,Downstream,02DRFA23.DFR,02DRFA23,DFR,222.6,540.85,664,49.6,78.13916666666667,274.8,4.245,26.18,17.875,21.5,24,75,1,2023-10-02T18:40:00Z,42.31512833,-72.6412735,NA,7.4,16.2,10.52448472,21.70562744,0.061187744,12.1,57.4,1.2,25,0
2023-10-02,2023,Fall,Downstream,02DRFA23.DM,02DRFA23,DM,222.6,540.85,664,49.6,78.13916666666667,274.8,4.245,26.18,17.875,29.5,45,50,5,2023-10-02T19:00:00Z,42.31511414,-72.6410274,NA,7.46,16.2,10.61239762,25.61801817,0.32675022,10.1,56.1,1.2,26,0
2023-10-02,2023,Fall,Downstream,02DRFA23.DSH,02DRFA23,DSH,222.6,540.85,664,49.6,78.13916666666667,274.8,4.245,26.18,17.875,17,4,95,1,2023-10-02T19:28:00Z,42.31527407,-72.64117393,NA,7.44,16.4,10.58451856,25.631044,0.440854328,7.9,57,1.3,26,0
2023-10-02,2023,Fall,Downstream,02DRFA23.DSP,02DRFA23,DSP,222.6,540.85,664,49.6,78.13916666666667,274.8,4.245,26.18,17.875,28,39,60,1,2023-10-02T19:40:00Z,42.31537256,-72.64104344,NA,7.48,16.3,10.57499949,55.359631,0.736966017,9.8,56.7,1.3,26,0
2023-10-02,2023,Fall,Downstream,02DRFA23.DSR,02DRFA23,DSR,222.6,540.85,664,49.6,78.13916666666667,274.8,4.245,26.18,17.875,29,19,80,1,2023-10-02T18:11:00Z,42.31448,-72.64112,NA,7.4,16.2,10.45870305,25.6729126,0.216369629,16.4,58.2,0.9,28,0
2024-05-31,2024,Summer,Upstream,01URSU24.UFR,01URSU24,UFR,96,498.3,481,77.95,93.65388888888889,5913,5913,21.64,16.18,40,5,95,0,2024-05-31T18:03:00Z,42.31929554,-72.65457369,NA,7.34,15.7,10.3138163,13,0.014,9.2,48.6,1.3,35,0
2024-05-31,2024,Summer,Upstream,01URSU24.UM,01URSU24,UM,96,498.3,481,77.95,93.65388888888889,5913,5913,21.64,16.18,37,15,85,0,2024-05-31T18:03:00Z,42.31918413,-72.6547386,NA,7.39,15.9,10.2,611.8,0.466,7.3,49.2,1.6,33,0
2024-05-31,2024,Summer,Upstream,01URSU24.USH,01URSU24,USH,96,498.3,481,77.95,93.65388888888889,5913,5913,21.64,16.18,26,5,95,0,2024-05-31T18:40:00Z,42.32059332,-72.65388156,NA,7.39,16,10.19151565,32.4,0.524,6.3,45.1,1.7,34,0
2024-05-31,2024,Summer,Upstream,01URSU24.USR,01URSU24,USR,96,498.3,481,77.95,93.65388888888889,5913,5913,21.64,16.18,25.5,5,95,0,2024-05-31T11:26:00Z,42.3192033,-72.65477518,NA,7.38,15.5,10.19790029,67.2,0.158,10.4,51.1,1.3,35,0
2024-05-31,2024,Summer,Upstream,01URSU24.USU,01URSU24,USU,96,498.3,481,77.95,93.65388888888889,5913,5913,21.64,16.18,29,10,90,0,2024-05-31T18:36:00Z,42.32049394,-72.65368418,NA,7.39,16.1,10.07967688,331.6,0.752,12.3,45.7,1.6,30,0
2024-06-03,2024,Summer,Downstream,01DRSU24.DFR,01DRSU24,DFR,96,508.9,481,75.5,93.86086805555556,5913,5913,21.64,16.47,18,19,80,1,2024-06-03T17:25:00Z,42.31814,-72.63997,NA,7.33,20.2,9.328349609,NA,0,7.7,65.5,1.7,32,0
2024-06-03,2024,Summer,Downstream,01DRSU24.DM,01DRSU24,DM,96,508.9,481,75.5,93.86086805555556,5913,5913,21.64,16.47,26.5,10,90,0,2024-06-03T17:30:00Z,42.31512,-72.64105,NA,7.33,20,9.374504602,685.6,0.064,7.9,64.4,1.7,34,0
2024-06-03,2024,Summer,Downstream,01DRSU24.DSH,01DRSU24,DSH,96,508.9,481,75.5,93.86086805555556,5913,5913,21.64,16.47,14,27,73,0,2024-06-03T17:35:00Z,42.31522,-72.64124,NA,7.27,20.3,9.380012598,NA,0.586,6.7,64.4,2,32,0
2024-06-03,2024,Summer,Downstream,01DRSU24.DSP,01DRSU24,DSP,96,508.9,481,75.5,93.86086805555556,5913,5913,21.64,16.47,11.5,5,94,1,2024-06-03T17:40:00Z,42.31541,-72.64115,NA,7.27,19.8,9.36029629,NA,0.627,6.6,65.7,2,30,0
2024-06-03,2024,Summer,Downstream,01DRSU24.DSR,01DRSU24,DSR,96,508.9,481,75.5,93.86086805555556,5913,5913,21.64,16.47,27,25,74,1,2024-06-03T17:20:00Z,42.31925,-72.65933,NA,7.33,20.5,9.124825351,NA,0.037,7.4,65.6,1.3,33,0
2024-06-04,2024,Summer,Upstream,02URSU24.UFR,02URSU24,UFR,96,515.55,481,73.1,93.02663194444445,5913,5913,21.64,16.61,50,39,60,1,2024-06-04T17:19:00Z,42.31932,-72.6549,NA,7.53,19.3,9.691953859,115.3,0.061,10.6,68,2,42,0
2024-06-04,2024,Summer,Upstream,02URSU24.UM,02URSU24,UM,96,515.55,481,73.1,93.02663194444445,5913,5913,21.64,16.61,14,0,100,0,2024-06-04T17:30:00Z,42.31926,-72.6547,NA,7.55,19.6,9.782518045,1187.3,0.451,10.4,65.5,2.1,26,0
2024-06-04,2024,Summer,Upstream,02URSU24.USH,02URSU24,USH,96,515.55,481,73.1,93.02663194444445,5913,5913,21.64,16.61,21.5,25,75,0,2024-06-04T18:05:00Z,42.3206345,-72.65390738,NA,7.52,19.8,9.47522814,NA,0.157,10,62.4,2.3,34,0.04
2024-06-04,2024,Summer,Upstream,02URSU24.USR,02URSU24,USR,96,515.55,481,73.1,93.02663194444445,5913,5913,21.64,16.61,30.5,15,85,0,2024-06-04T17:13:00Z,42.31932,-72.65494,NA,7.54,19.5,9.508788868,NA,0,12.3,70.5,1.7,39,0
2024-06-04,2024,Summer,Upstream,02URSU24.USU,02URSU24,USU,96,515.55,481,73.1,93.02663194444445,5913,5913,21.64,16.61,25,2,98,0,2024-06-04T18:00:00Z,42.32036463,-72.65363077,NA,7.52,19.8,9.634571304,NA,0.348,6.7,62.9,2.4,30,0.04
2024-06-05,2024,Summer,Downstream,02DRSU24.DFR,02DRSU24,DFR,78.7,527.2,481,71.5,91.8854513888889,5913,5913,21.64,16.76,20,12,85,3,2024-06-05T17:08:00Z,42.3149147,-72.64129639,NA,7.39,20.6,9.161090456,170.8,0.072,14,71.9,1.2,37,0
2024-06-05,2024,Summer,Downstream,02DRSU24.DM,02DRSU24,DM,78.7,527.2,481,71.5,91.8854513888889,5913,5913,21.64,16.76,22,5,95,0,2024-06-05T17:30:00Z,42.31507379,-72.64124289,NA,7.36,20.4,9.27,963.6,0.045,9.3,70.5,1.3,32,0
2024-06-05,2024,Summer,Downstream,02DRSU24.DSH,02DRSU24,DSH,78.7,527.2,481,71.5,91.8854513888889,5913,5913,21.64,16.76,12,3,95,2,2024-06-05T17:38:00Z,42.31522438,-72.6411749,NA,7.35,20.6,9.24630725,11.2,0.285,9.4,70.6,1.4,32,0
2024-06-05,2024,Summer,Downstream,02DRSU24.DSP,02DRSU24,DSP,78.7,527.2,481,71.5,91.8854513888889,5913,5913,21.64,16.76,15,5,95,0,2024-06-05T17:44:00Z,42.3155151,-72.64086654,NA,7.26,20,9.25,1251.5,0.389,8.2,71.3,1.5,35,0
2024-06-05,2024,Summer,Downstream,02DRSU24.DSR,02DRSU24,DSR,78.7,527.2,481,71.5,91.8854513888889,5913,5913,21.64,16.76,13,39,60,1,2024-06-05T17:04:00Z,42.31472778,-72.64111328,NA,7.33,20.6,9.10813596,46.3,0.02,12.1,71,1,31,0
2024-06-10,2024,Summer,Upstream,03URSU24.UFR,03URSU24,UFR,75.9,551.15,481,64.5,81.48857638888889,5913,5913,22.25,18.27,34,1,99,0,2024-06-10T17:19:00Z,42.31915,-72.654623,NA,7.62,16.6,9.802887704,74.9,0.191,6.7,63.7,1.2,27,0
2024-06-10,2024,Summer,Upstream,03URSU24.UM,03URSU24,UM,75.9,551.15,481,64.5,81.48857638888889,5913,5913,22.25,18.27,15,1,99,0,2024-06-10T17:29:00Z,42.319247,-72.6547,NA,7.6,16.6,9.858182685,97.1,0.301,24.7,64.2,1.3,22,0
2024-06-10,2024,Summer,Upstream,03URSU24.USH,03URSU24,USH,75.9,551.15,481,64.5,81.48857638888889,5913,5913,22.25,18.27,27,5,95,0,2024-06-10T18:15:00Z,42.320579,-72.3699,NA,7.59,16.6,9.857031772,15,0.249,9.2,59.9,1.3,29,0
2024-06-10,2024,Summer,Upstream,03URSU24.USR,03URSU24,USR,75.9,551.15,481,64.5,81.48857638888889,5913,5913,22.25,18.27,23.5,24,75,1,2024-06-10T17:10:00Z,42.319183,-72.654247,NA,7.6,16.7,9.756152446,82.9,0,12.8,66.9,1,26,0
2024-06-10,2024,Summer,Upstream,03URSU24.USU,03URSU24,USU,75.9,551.15,481,64.5,81.48857638888889,5913,5913,22.25,18.27,18,5,95,0,2024-06-10T18:11:00Z,42.32045364,-72.65335846,NA,7.59,16.6,9.74999937,48.1,0.35,8.6,59,1.4,32,0.03
2024-06-12,2024,Summer,Downstream,03DRSU24.DFR,03DRSU24,DFR,76.2,562.55,481,61.4,79.98326388888889,5913,5913,22.25,18.27,11,13,85,2,2024-06-12T17:13:00Z,42.315233,-72.64107,NA,7.46,16.1,9.705173038,904.6,0.006,5.9,72.7,1.8,29,0
2024-06-12,2024,Summer,Downstream,03DRSU24.DM,03DRSU24,DM,76.2,562.55,481,61.4,79.98326388888889,5913,5913,22.25,18.27,18.5,5,95,0,2024-06-12T17:20:00Z,42.315119,-72.641123,NA,7.43,18,9.661830092,309.1,0.114,6.8,71.6,1.8,30,0.07
2024-06-12,2024,Summer,Downstream,03DRSU24.DSH,03DRSU24,DSH,76.2,562.55,481,61.4,79.98326388888889,5913,5913,22.25,18.27,24,2,98,0,2024-06-12T17:29:00Z,42.315135,-72.641039,NA,7.41,18.3,9.712344861,45.6,0.372,8.2,71.8,1.7,29,0
2024-06-12,2024,Summer,Downstream,03DRSU24.DSP,03DRSU24,DSP,76.2,562.55,481,61.4,79.98326388888889,5913,5913,22.25,18.27,10.5,8,90,2,2024-06-12T17:40:00Z,42.315351,-72.641172,NA,7.37,17.5,9.666502791,176.4,0.183,7.7,71.5,1.9,28,0
2024-06-12,2024,Summer,Downstream,03DRSU24.DSR,03DRSU24,DSR,76.2,562.55,481,61.4,79.98326388888889,5913,5913,22.25,18.27,14.5,30,60,10,2024-06-12T17:06:00Z,42.314957,-72.641137,NA,7.45,16.2,9.669356032,55.2,0,8.4,72,1.7,30,0
